Consumption (kWh), Start, End
0.00E+00, 2023-05-01T00:00:00+01:00, 2023-05-01T00:30:00+01:00
0.00E+00, 2023-05-01T00:30:00+01:00, 2023-05-01T01:00:00+01:00
0.00E+00, 2023-05-01T01:00:00+01:00, 2023-05-01T01:30:00+01:00
0.00E+00, 2023-05-01T01:30:00+01:00, 2023-05-01T02:00:00+01:00
0.00E+00, 2023-05-01T02:00:00+01:00, 2023-05-01T02:30:00+01:00
0.00E+00, 2023-05-01T02:30:00+01:00, 2023-05-01T03:00:00+01:00
0.00E+00, 2023-05-01T03:00:00+01:00, 2023-05-01T03:30:00+01:00
0.00E+00, 2023-05-01T03:30:00+01:00, 2023-05-01T04:00:00+01:00
0.00E+00, 2023-05-01T04:00:00+01:00, 2023-05-01T04:30:00+01:00
0.00E+00, 2023-05-01T04:30:00+01:00, 2023-05-01T05:00:00+01:00
0.00E+00, 2023-05-01T05:00:00+01:00, 2023-05-01T05:30:00+01:00
0.00E+00, 2023-05-01T05:30:00+01:00, 2023-05-01T06:00:00+01:00
0.00E+00, 2023-05-01T06:00:00+01:00, 2023-05-01T06:30:00+01:00
0.019, 2023-05-01T06:30:00+01:00, 2023-05-01T07:00:00+01:00
0.037, 2023-05-01T07:00:00+01:00, 2023-05-01T07:30:00+01:00
0.066, 2023-05-01T07:30:00+01:00, 2023-05-01T08:00:00+01:00
0.156, 2023-05-01T08:00:00+01:00, 2023-05-01T08:30:00+01:00
0.095, 2023-05-01T08:30:00+01:00, 2023-05-01T09:00:00+01:00
0.157, 2023-05-01T09:00:00+01:00, 2023-05-01T09:30:00+01:00
0.107, 2023-05-01T09:30:00+01:00, 2023-05-01T10:00:00+01:00
0.117, 2023-05-01T10:00:00+01:00, 2023-05-01T10:30:00+01:00
0.003, 2023-05-01T10:30:00+01:00, 2023-05-01T11:00:00+01:00
0.216, 2023-05-01T11:00:00+01:00, 2023-05-01T11:30:00+01:00
0.92, 2023-05-01T11:30:00+01:00, 2023-05-01T12:00:00+01:00
0.757, 2023-05-01T12:00:00+01:00, 2023-05-01T12:30:00+01:00
0.527, 2023-05-01T12:30:00+01:00, 2023-05-01T13:00:00+01:00
0.194, 2023-05-01T13:00:00+01:00, 2023-05-01T13:30:00+01:00
0.067, 2023-05-01T13:30:00+01:00, 2023-05-01T14:00:00+01:00
0.139, 2023-05-01T14:00:00+01:00, 2023-05-01T14:30:00+01:00
0.566, 2023-05-01T14:30:00+01:00, 2023-05-01T15:00:00+01:00
0.255, 2023-05-01T15:00:00+01:00, 2023-05-01T15:30:00+01:00
0.313, 2023-05-01T15:30:00+01:00, 2023-05-01T16:00:00+01:00
0.338, 2023-05-01T16:00:00+01:00, 2023-05-01T16:30:00+01:00
0.162, 2023-05-01T16:30:00+01:00, 2023-05-01T17:00:00+01:00
0.127, 2023-05-01T17:00:00+01:00, 2023-05-01T17:30:00+01:00
0.041, 2023-05-01T17:30:00+01:00, 2023-05-01T18:00:00+01:00
0.042, 2023-05-01T18:00:00+01:00, 2023-05-01T18:30:00+01:00
0.00E+00, 2023-05-01T18:30:00+01:00, 2023-05-01T19:00:00+01:00
0.00E+00, 2023-05-01T19:00:00+01:00, 2023-05-01T19:30:00+01:00
0.00E+00, 2023-05-01T19:30:00+01:00, 2023-05-01T20:00:00+01:00
0.00E+00, 2023-05-01T20:00:00+01:00, 2023-05-01T20:30:00+01:00
0.00E+00, 2023-05-01T20:30:00+01:00, 2023-05-01T21:00:00+01:00
0.00E+00, 2023-05-01T21:00:00+01:00, 2023-05-01T21:30:00+01:00
0.00E+00, 2023-05-01T21:30:00+01:00, 2023-05-01T22:00:00+01:00
0.00E+00, 2023-05-01T22:00:00+01:00, 2023-05-01T22:30:00+01:00
0.00E+00, 2023-05-01T22:30:00+01:00, 2023-05-01T23:00:00+01:00
0.00E+00, 2023-05-01T23:00:00+01:00, 2023-05-01T23:30:00+01:00
0.00E+00, 2023-05-01T23:30:00+01:00, 2023-05-02T00:00:00+01:00
0.00E+00, 2023-05-02T00:00:00+01:00, 2023-05-02T00:30:00+01:00
0.00E+00, 2023-05-02T00:30:00+01:00, 2023-05-02T01:00:00+01:00
0.00E+00, 2023-05-02T01:00:00+01:00, 2023-05-02T01:30:00+01:00
0.00E+00, 2023-05-02T01:30:00+01:00, 2023-05-02T02:00:00+01:00
0.00E+00, 2023-05-02T02:00:00+01:00, 2023-05-02T02:30:00+01:00
0.00E+00, 2023-05-02T02:30:00+01:00, 2023-05-02T03:00:00+01:00
0.00E+00, 2023-05-02T03:00:00+01:00, 2023-05-02T03:30:00+01:00
0.00E+00, 2023-05-02T03:30:00+01:00, 2023-05-02T04:00:00+01:00
0.00E+00, 2023-05-02T04:00:00+01:00, 2023-05-02T04:30:00+01:00
0.00E+00, 2023-05-02T04:30:00+01:00, 2023-05-02T05:00:00+01:00
0.00E+00, 2023-05-02T05:00:00+01:00, 2023-05-02T05:30:00+01:00
0.00E+00, 2023-05-02T05:30:00+01:00, 2023-05-02T06:00:00+01:00
0.00E+00, 2023-05-02T06:00:00+01:00, 2023-05-02T06:30:00+01:00
0.004, 2023-05-02T06:30:00+01:00, 2023-05-02T07:00:00+01:00
0.002, 2023-05-02T07:00:00+01:00, 2023-05-02T07:30:00+01:00
0.016, 2023-05-02T07:30:00+01:00, 2023-05-02T08:00:00+01:00
0.093, 2023-05-02T08:00:00+01:00, 2023-05-02T08:30:00+01:00
0.19, 2023-05-02T08:30:00+01:00, 2023-05-02T09:00:00+01:00
0.126, 2023-05-02T09:00:00+01:00, 2023-05-02T09:30:00+01:00
0.251, 2023-05-02T09:30:00+01:00, 2023-05-02T10:00:00+01:00
0.378, 2023-05-02T10:00:00+01:00, 2023-05-02T10:30:00+01:00
0.416, 2023-05-02T10:30:00+01:00, 2023-05-02T11:00:00+01:00
0.464, 2023-05-02T11:00:00+01:00, 2023-05-02T11:30:00+01:00
0.59, 2023-05-02T11:30:00+01:00, 2023-05-02T12:00:00+01:00
0.505, 2023-05-02T12:00:00+01:00, 2023-05-02T12:30:00+01:00
0.967, 2023-05-02T12:30:00+01:00, 2023-05-02T13:00:00+01:00
1.161, 2023-05-02T13:00:00+01:00, 2023-05-02T13:30:00+01:00
0.665, 2023-05-02T13:30:00+01:00, 2023-05-02T14:00:00+01:00
0.314, 2023-05-02T14:00:00+01:00, 2023-05-02T14:30:00+01:00
0.139, 2023-05-02T14:30:00+01:00, 2023-05-02T15:00:00+01:00
0.379, 2023-05-02T15:00:00+01:00, 2023-05-02T15:30:00+01:00
0.281, 2023-05-02T15:30:00+01:00, 2023-05-02T16:00:00+01:00
0.294, 2023-05-02T16:00:00+01:00, 2023-05-02T16:30:00+01:00
0.144, 2023-05-02T16:30:00+01:00, 2023-05-02T17:00:00+01:00
0.157, 2023-05-02T17:00:00+01:00, 2023-05-02T17:30:00+01:00
0.218, 2023-05-02T17:30:00+01:00, 2023-05-02T18:00:00+01:00
0.115, 2023-05-02T18:00:00+01:00, 2023-05-02T18:30:00+01:00
0.035, 2023-05-02T18:30:00+01:00, 2023-05-02T19:00:00+01:00
0.00E+00, 2023-05-02T19:00:00+01:00, 2023-05-02T19:30:00+01:00
0.00E+00, 2023-05-02T19:30:00+01:00, 2023-05-02T20:00:00+01:00
0.00E+00, 2023-05-02T20:00:00+01:00, 2023-05-02T20:30:00+01:00
0.00E+00, 2023-05-02T20:30:00+01:00, 2023-05-02T21:00:00+01:00
0.00E+00, 2023-05-02T21:00:00+01:00, 2023-05-02T21:30:00+01:00
0.00E+00, 2023-05-02T21:30:00+01:00, 2023-05-02T22:00:00+01:00
0.00E+00, 2023-05-02T22:00:00+01:00, 2023-05-02T22:30:00+01:00
0.00E+00, 2023-05-02T22:30:00+01:00, 2023-05-02T23:00:00+01:00
0.00E+00, 2023-05-02T23:00:00+01:00, 2023-05-02T23:30:00+01:00
0.00E+00, 2023-05-02T23:30:00+01:00, 2023-05-03T00:00:00+01:00
0.00E+00, 2023-05-03T00:00:00+01:00, 2023-05-03T00:30:00+01:00
0.00E+00, 2023-05-03T00:30:00+01:00, 2023-05-03T01:00:00+01:00
0.00E+00, 2023-05-03T01:00:00+01:00, 2023-05-03T01:30:00+01:00
0.00E+00, 2023-05-03T01:30:00+01:00, 2023-05-03T02:00:00+01:00
0.00E+00, 2023-05-03T02:00:00+01:00, 2023-05-03T02:30:00+01:00
0.00E+00, 2023-05-03T02:30:00+01:00, 2023-05-03T03:00:00+01:00
0.00E+00, 2023-05-03T03:00:00+01:00, 2023-05-03T03:30:00+01:00
0.00E+00, 2023-05-03T03:30:00+01:00, 2023-05-03T04:00:00+01:00
0.00E+00, 2023-05-03T04:00:00+01:00, 2023-05-03T04:30:00+01:00
0.00E+00, 2023-05-03T04:30:00+01:00, 2023-05-03T05:00:00+01:00
0.00E+00, 2023-05-03T05:00:00+01:00, 2023-05-03T05:30:00+01:00
0.00E+00, 2023-05-03T05:30:00+01:00, 2023-05-03T06:00:00+01:00
0.00E+00, 2023-05-03T06:00:00+01:00, 2023-05-03T06:30:00+01:00
0.03, 2023-05-03T06:30:00+01:00, 2023-05-03T07:00:00+01:00
0.202, 2023-05-03T07:00:00+01:00, 2023-05-03T07:30:00+01:00
0.366, 2023-05-03T07:30:00+01:00, 2023-05-03T08:00:00+01:00
0.623, 2023-05-03T08:00:00+01:00, 2023-05-03T08:30:00+01:00
0.69, 2023-05-03T08:30:00+01:00, 2023-05-03T09:00:00+01:00
0.927, 2023-05-03T09:00:00+01:00, 2023-05-03T09:30:00+01:00
0.936, 2023-05-03T09:30:00+01:00, 2023-05-03T10:00:00+01:00
1.023, 2023-05-03T10:00:00+01:00, 2023-05-03T10:30:00+01:00
1.04, 2023-05-03T10:30:00+01:00, 2023-05-03T11:00:00+01:00
1.041, 2023-05-03T11:00:00+01:00, 2023-05-03T11:30:00+01:00
1.026, 2023-05-03T11:30:00+01:00, 2023-05-03T12:00:00+01:00
1.003, 2023-05-03T12:00:00+01:00, 2023-05-03T12:30:00+01:00
0.981, 2023-05-03T12:30:00+01:00, 2023-05-03T13:00:00+01:00
0.765, 2023-05-03T13:00:00+01:00, 2023-05-03T13:30:00+01:00
0.681, 2023-05-03T13:30:00+01:00, 2023-05-03T14:00:00+01:00
0.799, 2023-05-03T14:00:00+01:00, 2023-05-03T14:30:00+01:00
0.769, 2023-05-03T14:30:00+01:00, 2023-05-03T15:00:00+01:00
0.769, 2023-05-03T15:00:00+01:00, 2023-05-03T15:30:00+01:00
0.616, 2023-05-03T15:30:00+01:00, 2023-05-03T16:00:00+01:00
0.491, 2023-05-03T16:00:00+01:00, 2023-05-03T16:30:00+01:00
0.299, 2023-05-03T16:30:00+01:00, 2023-05-03T17:00:00+01:00
0.182, 2023-05-03T17:00:00+01:00, 2023-05-03T17:30:00+01:00
0.065, 2023-05-03T17:30:00+01:00, 2023-05-03T18:00:00+01:00
0.014, 2023-05-03T18:00:00+01:00, 2023-05-03T18:30:00+01:00
0.029, 2023-05-03T18:30:00+01:00, 2023-05-03T19:00:00+01:00
0.00E+00, 2023-05-03T19:00:00+01:00, 2023-05-03T19:30:00+01:00
0.00E+00, 2023-05-03T19:30:00+01:00, 2023-05-03T20:00:00+01:00
0.00E+00, 2023-05-03T20:00:00+01:00, 2023-05-03T20:30:00+01:00
0.00E+00, 2023-05-03T20:30:00+01:00, 2023-05-03T21:00:00+01:00
0.00E+00, 2023-05-03T21:00:00+01:00, 2023-05-03T21:30:00+01:00
0.00E+00, 2023-05-03T21:30:00+01:00, 2023-05-03T22:00:00+01:00
0.00E+00, 2023-05-03T22:00:00+01:00, 2023-05-03T22:30:00+01:00
0.00E+00, 2023-05-03T22:30:00+01:00, 2023-05-03T23:00:00+01:00
0.00E+00, 2023-05-03T23:00:00+01:00, 2023-05-03T23:30:00+01:00
0.00E+00, 2023-05-03T23:30:00+01:00, 2023-05-04T00:00:00+01:00
0.00E+00, 2023-05-04T00:00:00+01:00, 2023-05-04T00:30:00+01:00
0.00E+00, 2023-05-04T00:30:00+01:00, 2023-05-04T01:00:00+01:00
0.00E+00, 2023-05-04T01:00:00+01:00, 2023-05-04T01:30:00+01:00
0.00E+00, 2023-05-04T01:30:00+01:00, 2023-05-04T02:00:00+01:00
0.00E+00, 2023-05-04T02:00:00+01:00, 2023-05-04T02:30:00+01:00
0.00E+00, 2023-05-04T02:30:00+01:00, 2023-05-04T03:00:00+01:00
0.00E+00, 2023-05-04T03:00:00+01:00, 2023-05-04T03:30:00+01:00
0.00E+00, 2023-05-04T03:30:00+01:00, 2023-05-04T04:00:00+01:00
0.00E+00, 2023-05-04T04:00:00+01:00, 2023-05-04T04:30:00+01:00
0.00E+00, 2023-05-04T04:30:00+01:00, 2023-05-04T05:00:00+01:00
0.00E+00, 2023-05-04T05:00:00+01:00, 2023-05-04T05:30:00+01:00
0.00E+00, 2023-05-04T05:30:00+01:00, 2023-05-04T06:00:00+01:00
0.009, 2023-05-04T06:00:00+01:00, 2023-05-04T06:30:00+01:00
0.012, 2023-05-04T06:30:00+01:00, 2023-05-04T07:00:00+01:00
0.081, 2023-05-04T07:00:00+01:00, 2023-05-04T07:30:00+01:00
0.092, 2023-05-04T07:30:00+01:00, 2023-05-04T08:00:00+01:00
0.279, 2023-05-04T08:00:00+01:00, 2023-05-04T08:30:00+01:00
0.641, 2023-05-04T08:30:00+01:00, 2023-05-04T09:00:00+01:00
0.908, 2023-05-04T09:00:00+01:00, 2023-05-04T09:30:00+01:00
0.606, 2023-05-04T09:30:00+01:00, 2023-05-04T10:00:00+01:00
0.827, 2023-05-04T10:00:00+01:00, 2023-05-04T10:30:00+01:00
1.017, 2023-05-04T10:30:00+01:00, 2023-05-04T11:00:00+01:00
1.341, 2023-05-04T11:00:00+01:00, 2023-05-04T11:30:00+01:00
1.175, 2023-05-04T11:30:00+01:00, 2023-05-04T12:00:00+01:00
1.006, 2023-05-04T12:00:00+01:00, 2023-05-04T12:30:00+01:00
0.814, 2023-05-04T12:30:00+01:00, 2023-05-04T13:00:00+01:00
1.12, 2023-05-04T13:00:00+01:00, 2023-05-04T13:30:00+01:00
0.649, 2023-05-04T13:30:00+01:00, 2023-05-04T14:00:00+01:00
0.654, 2023-05-04T14:00:00+01:00, 2023-05-04T14:30:00+01:00
0.455, 2023-05-04T14:30:00+01:00, 2023-05-04T15:00:00+01:00
0.49, 2023-05-04T15:00:00+01:00, 2023-05-04T15:30:00+01:00
0.449, 2023-05-04T15:30:00+01:00, 2023-05-04T16:00:00+01:00
0.08, 2023-05-04T16:00:00+01:00, 2023-05-04T16:30:00+01:00
0.232, 2023-05-04T16:30:00+01:00, 2023-05-04T17:00:00+01:00
0.102, 2023-05-04T17:00:00+01:00, 2023-05-04T17:30:00+01:00
0.044, 2023-05-04T17:30:00+01:00, 2023-05-04T18:00:00+01:00
0.00E+00, 2023-05-04T18:00:00+01:00, 2023-05-04T18:30:00+01:00
0.00E+00, 2023-05-04T18:30:00+01:00, 2023-05-04T19:00:00+01:00
0.00E+00, 2023-05-04T19:00:00+01:00, 2023-05-04T19:30:00+01:00
0.00E+00, 2023-05-04T19:30:00+01:00, 2023-05-04T20:00:00+01:00
0.00E+00, 2023-05-04T20:00:00+01:00, 2023-05-04T20:30:00+01:00
0.00E+00, 2023-05-04T20:30:00+01:00, 2023-05-04T21:00:00+01:00
0.00E+00, 2023-05-04T21:00:00+01:00, 2023-05-04T21:30:00+01:00
0.00E+00, 2023-05-04T21:30:00+01:00, 2023-05-04T22:00:00+01:00
0.00E+00, 2023-05-04T22:00:00+01:00, 2023-05-04T22:30:00+01:00
0.00E+00, 2023-05-04T22:30:00+01:00, 2023-05-04T23:00:00+01:00
0.00E+00, 2023-05-04T23:00:00+01:00, 2023-05-04T23:30:00+01:00
0.00E+00, 2023-05-04T23:30:00+01:00, 2023-05-05T00:00:00+01:00
0.00E+00, 2023-05-05T00:00:00+01:00, 2023-05-05T00:30:00+01:00
0.00E+00, 2023-05-05T00:30:00+01:00, 2023-05-05T01:00:00+01:00
0.00E+00, 2023-05-05T01:00:00+01:00, 2023-05-05T01:30:00+01:00
0.00E+00, 2023-05-05T01:30:00+01:00, 2023-05-05T02:00:00+01:00
0.00E+00, 2023-05-05T02:00:00+01:00, 2023-05-05T02:30:00+01:00
0.00E+00, 2023-05-05T02:30:00+01:00, 2023-05-05T03:00:00+01:00
0.00E+00, 2023-05-05T03:00:00+01:00, 2023-05-05T03:30:00+01:00
0.00E+00, 2023-05-05T03:30:00+01:00, 2023-05-05T04:00:00+01:00
0.00E+00, 2023-05-05T04:00:00+01:00, 2023-05-05T04:30:00+01:00
0.00E+00, 2023-05-05T04:30:00+01:00, 2023-05-05T05:00:00+01:00
0.00E+00, 2023-05-05T05:00:00+01:00, 2023-05-05T05:30:00+01:00
0.00E+00, 2023-05-05T05:30:00+01:00, 2023-05-05T06:00:00+01:00
0.00E+00, 2023-05-05T06:00:00+01:00, 2023-05-05T06:30:00+01:00
0.026, 2023-05-05T06:30:00+01:00, 2023-05-05T07:00:00+01:00
0.054, 2023-05-05T07:00:00+01:00, 2023-05-05T07:30:00+01:00
0.135, 2023-05-05T07:30:00+01:00, 2023-05-05T08:00:00+01:00
0.227, 2023-05-05T08:00:00+01:00, 2023-05-05T08:30:00+01:00
0.39, 2023-05-05T08:30:00+01:00, 2023-05-05T09:00:00+01:00
0.463, 2023-05-05T09:00:00+01:00, 2023-05-05T09:30:00+01:00
0.455, 2023-05-05T09:30:00+01:00, 2023-05-05T10:00:00+01:00
0.318, 2023-05-05T10:00:00+01:00, 2023-05-05T10:30:00+01:00
0.48, 2023-05-05T10:30:00+01:00, 2023-05-05T11:00:00+01:00
0.427, 2023-05-05T11:00:00+01:00, 2023-05-05T11:30:00+01:00
0.751, 2023-05-05T11:30:00+01:00, 2023-05-05T12:00:00+01:00
0.489, 2023-05-05T12:00:00+01:00, 2023-05-05T12:30:00+01:00
0.577, 2023-05-05T12:30:00+01:00, 2023-05-05T13:00:00+01:00
0.582, 2023-05-05T13:00:00+01:00, 2023-05-05T13:30:00+01:00
0.027, 2023-05-05T13:30:00+01:00, 2023-05-05T14:00:00+01:00
0.253, 2023-05-05T14:00:00+01:00, 2023-05-05T14:30:00+01:00
0.607, 2023-05-05T14:30:00+01:00, 2023-05-05T15:00:00+01:00
0.535, 2023-05-05T15:00:00+01:00, 2023-05-05T15:30:00+01:00
0.446, 2023-05-05T15:30:00+01:00, 2023-05-05T16:00:00+01:00
0.631, 2023-05-05T16:00:00+01:00, 2023-05-05T16:30:00+01:00
0.318, 2023-05-05T16:30:00+01:00, 2023-05-05T17:00:00+01:00
0.053, 2023-05-05T17:00:00+01:00, 2023-05-05T17:30:00+01:00
0.00E+00, 2023-05-05T17:30:00+01:00, 2023-05-05T18:00:00+01:00
0.018, 2023-05-05T18:00:00+01:00, 2023-05-05T18:30:00+01:00
0.119, 2023-05-05T18:30:00+01:00, 2023-05-05T19:00:00+01:00
0.012, 2023-05-05T19:00:00+01:00, 2023-05-05T19:30:00+01:00
0.00E+00, 2023-05-05T19:30:00+01:00, 2023-05-05T20:00:00+01:00
0.00E+00, 2023-05-05T20:00:00+01:00, 2023-05-05T20:30:00+01:00
0.00E+00, 2023-05-05T20:30:00+01:00, 2023-05-05T21:00:00+01:00
0.00E+00, 2023-05-05T21:00:00+01:00, 2023-05-05T21:30:00+01:00
0.00E+00, 2023-05-05T21:30:00+01:00, 2023-05-05T22:00:00+01:00
0.00E+00, 2023-05-05T22:00:00+01:00, 2023-05-05T22:30:00+01:00
0.00E+00, 2023-05-05T22:30:00+01:00, 2023-05-05T23:00:00+01:00
0.00E+00, 2023-05-05T23:00:00+01:00, 2023-05-05T23:30:00+01:00
0.00E+00, 2023-05-05T23:30:00+01:00, 2023-05-06T00:00:00+01:00
0.00E+00, 2023-05-06T00:00:00+01:00, 2023-05-06T00:30:00+01:00
0.00E+00, 2023-05-06T00:30:00+01:00, 2023-05-06T01:00:00+01:00
0.00E+00, 2023-05-06T01:00:00+01:00, 2023-05-06T01:30:00+01:00
0.00E+00, 2023-05-06T01:30:00+01:00, 2023-05-06T02:00:00+01:00
0.00E+00, 2023-05-06T02:00:00+01:00, 2023-05-06T02:30:00+01:00
0.00E+00, 2023-05-06T02:30:00+01:00, 2023-05-06T03:00:00+01:00
0.00E+00, 2023-05-06T03:00:00+01:00, 2023-05-06T03:30:00+01:00
0.00E+00, 2023-05-06T03:30:00+01:00, 2023-05-06T04:00:00+01:00
0.00E+00, 2023-05-06T04:00:00+01:00, 2023-05-06T04:30:00+01:00
0.00E+00, 2023-05-06T04:30:00+01:00, 2023-05-06T05:00:00+01:00
0.00E+00, 2023-05-06T05:00:00+01:00, 2023-05-06T05:30:00+01:00
0.00E+00, 2023-05-06T05:30:00+01:00, 2023-05-06T06:00:00+01:00
0.003, 2023-05-06T06:00:00+01:00, 2023-05-06T06:30:00+01:00
0.029, 2023-05-06T06:30:00+01:00, 2023-05-06T07:00:00+01:00
0.143, 2023-05-06T07:00:00+01:00, 2023-05-06T07:30:00+01:00
0.208, 2023-05-06T07:30:00+01:00, 2023-05-06T08:00:00+01:00
0.026, 2023-05-06T08:00:00+01:00, 2023-05-06T08:30:00+01:00
0.00E+00, 2023-05-06T08:30:00+01:00, 2023-05-06T09:00:00+01:00
0.059, 2023-05-06T09:00:00+01:00, 2023-05-06T09:30:00+01:00
0.288, 2023-05-06T09:30:00+01:00, 2023-05-06T10:00:00+01:00
0.269, 2023-05-06T10:00:00+01:00, 2023-05-06T10:30:00+01:00
0.504, 2023-05-06T10:30:00+01:00, 2023-05-06T11:00:00+01:00
0.683, 2023-05-06T11:00:00+01:00, 2023-05-06T11:30:00+01:00
0.136, 2023-05-06T11:30:00+01:00, 2023-05-06T12:00:00+01:00
0.71, 2023-05-06T12:00:00+01:00, 2023-05-06T12:30:00+01:00
0.556, 2023-05-06T12:30:00+01:00, 2023-05-06T13:00:00+01:00
0.385, 2023-05-06T13:00:00+01:00, 2023-05-06T13:30:00+01:00
0.149, 2023-05-06T13:30:00+01:00, 2023-05-06T14:00:00+01:00
0.525, 2023-05-06T14:00:00+01:00, 2023-05-06T14:30:00+01:00
0.345, 2023-05-06T14:30:00+01:00, 2023-05-06T15:00:00+01:00
0.116, 2023-05-06T15:00:00+01:00, 2023-05-06T15:30:00+01:00
0.064, 2023-05-06T15:30:00+01:00, 2023-05-06T16:00:00+01:00
0.00E+00, 2023-05-06T16:00:00+01:00, 2023-05-06T16:30:00+01:00
0.006, 2023-05-06T16:30:00+01:00, 2023-05-06T17:00:00+01:00
0.032, 2023-05-06T17:00:00+01:00, 2023-05-06T17:30:00+01:00
0.156, 2023-05-06T17:30:00+01:00, 2023-05-06T18:00:00+01:00
0.102, 2023-05-06T18:00:00+01:00, 2023-05-06T18:30:00+01:00
0.102, 2023-05-06T18:30:00+01:00, 2023-05-06T19:00:00+01:00
0.005, 2023-05-06T19:00:00+01:00, 2023-05-06T19:30:00+01:00
0.00E+00, 2023-05-06T19:30:00+01:00, 2023-05-06T20:00:00+01:00
0.00E+00, 2023-05-06T20:00:00+01:00, 2023-05-06T20:30:00+01:00
0.00E+00, 2023-05-06T20:30:00+01:00, 2023-05-06T21:00:00+01:00
0.00E+00, 2023-05-06T21:00:00+01:00, 2023-05-06T21:30:00+01:00
0.00E+00, 2023-05-06T21:30:00+01:00, 2023-05-06T22:00:00+01:00
0.00E+00, 2023-05-06T22:00:00+01:00, 2023-05-06T22:30:00+01:00
0.00E+00, 2023-05-06T22:30:00+01:00, 2023-05-06T23:00:00+01:00
0.00E+00, 2023-05-06T23:00:00+01:00, 2023-05-06T23:30:00+01:00
0.00E+00, 2023-05-06T23:30:00+01:00, 2023-05-07T00:00:00+01:00
0.00E+00, 2023-05-07T00:00:00+01:00, 2023-05-07T00:30:00+01:00
0.00E+00, 2023-05-07T00:30:00+01:00, 2023-05-07T01:00:00+01:00
0.00E+00, 2023-05-07T01:00:00+01:00, 2023-05-07T01:30:00+01:00
0.00E+00, 2023-05-07T01:30:00+01:00, 2023-05-07T02:00:00+01:00
0.00E+00, 2023-05-07T02:00:00+01:00, 2023-05-07T02:30:00+01:00
0.00E+00, 2023-05-07T02:30:00+01:00, 2023-05-07T03:00:00+01:00
0.00E+00, 2023-05-07T03:00:00+01:00, 2023-05-07T03:30:00+01:00
0.00E+00, 2023-05-07T03:30:00+01:00, 2023-05-07T04:00:00+01:00
0.00E+00, 2023-05-07T04:00:00+01:00, 2023-05-07T04:30:00+01:00
0.00E+00, 2023-05-07T04:30:00+01:00, 2023-05-07T05:00:00+01:00
0.00E+00, 2023-05-07T05:00:00+01:00, 2023-05-07T05:30:00+01:00
0.00E+00, 2023-05-07T05:30:00+01:00, 2023-05-07T06:00:00+01:00
0.041, 2023-05-07T06:00:00+01:00, 2023-05-07T06:30:00+01:00
0.075, 2023-05-07T06:30:00+01:00, 2023-05-07T07:00:00+01:00
0.033, 2023-05-07T07:00:00+01:00, 2023-05-07T07:30:00+01:00
0.204, 2023-05-07T07:30:00+01:00, 2023-05-07T08:00:00+01:00
0.525, 2023-05-07T08:00:00+01:00, 2023-05-07T08:30:00+01:00
0.359, 2023-05-07T08:30:00+01:00, 2023-05-07T09:00:00+01:00
0.136, 2023-05-07T09:00:00+01:00, 2023-05-07T09:30:00+01:00
0.097, 2023-05-07T09:30:00+01:00, 2023-05-07T10:00:00+01:00
0.442, 2023-05-07T10:00:00+01:00, 2023-05-07T10:30:00+01:00
0.751, 2023-05-07T10:30:00+01:00, 2023-05-07T11:00:00+01:00
1.321, 2023-05-07T11:00:00+01:00, 2023-05-07T11:30:00+01:00
1.208, 2023-05-07T11:30:00+01:00, 2023-05-07T12:00:00+01:00
1.124, 2023-05-07T12:00:00+01:00, 2023-05-07T12:30:00+01:00
1.096, 2023-05-07T12:30:00+01:00, 2023-05-07T13:00:00+01:00
0.382, 2023-05-07T13:00:00+01:00, 2023-05-07T13:30:00+01:00
0.865, 2023-05-07T13:30:00+01:00, 2023-05-07T14:00:00+01:00
0.856, 2023-05-07T14:00:00+01:00, 2023-05-07T14:30:00+01:00
0.718, 2023-05-07T14:30:00+01:00, 2023-05-07T15:00:00+01:00
0.596, 2023-05-07T15:00:00+01:00, 2023-05-07T15:30:00+01:00
0.595, 2023-05-07T15:30:00+01:00, 2023-05-07T16:00:00+01:00
0.433, 2023-05-07T16:00:00+01:00, 2023-05-07T16:30:00+01:00
0.2, 2023-05-07T16:30:00+01:00, 2023-05-07T17:00:00+01:00
0.106, 2023-05-07T17:00:00+01:00, 2023-05-07T17:30:00+01:00
0.00E+00, 2023-05-07T17:30:00+01:00, 2023-05-07T18:00:00+01:00
0.00E+00, 2023-05-07T18:00:00+01:00, 2023-05-07T18:30:00+01:00
0.00E+00, 2023-05-07T18:30:00+01:00, 2023-05-07T19:00:00+01:00
0.00E+00, 2023-05-07T19:00:00+01:00, 2023-05-07T19:30:00+01:00
0.00E+00, 2023-05-07T19:30:00+01:00, 2023-05-07T20:00:00+01:00
0.00E+00, 2023-05-07T20:00:00+01:00, 2023-05-07T20:30:00+01:00
0.00E+00, 2023-05-07T20:30:00+01:00, 2023-05-07T21:00:00+01:00
0.00E+00, 2023-05-07T21:00:00+01:00, 2023-05-07T21:30:00+01:00
0.00E+00, 2023-05-07T21:30:00+01:00, 2023-05-07T22:00:00+01:00
0.00E+00, 2023-05-07T22:00:00+01:00, 2023-05-07T22:30:00+01:00
0.00E+00, 2023-05-07T22:30:00+01:00, 2023-05-07T23:00:00+01:00
0.00E+00, 2023-05-07T23:00:00+01:00, 2023-05-07T23:30:00+01:00
0.00E+00, 2023-05-07T23:30:00+01:00, 2023-05-08T00:00:00+01:00
0.00E+00, 2023-05-08T00:00:00+01:00, 2023-05-08T00:30:00+01:00
0.00E+00, 2023-05-08T00:30:00+01:00, 2023-05-08T01:00:00+01:00
0.00E+00, 2023-05-08T01:00:00+01:00, 2023-05-08T01:30:00+01:00
0.00E+00, 2023-05-08T01:30:00+01:00, 2023-05-08T02:00:00+01:00
0.00E+00, 2023-05-08T02:00:00+01:00, 2023-05-08T02:30:00+01:00
0.00E+00, 2023-05-08T02:30:00+01:00, 2023-05-08T03:00:00+01:00
0.00E+00, 2023-05-08T03:00:00+01:00, 2023-05-08T03:30:00+01:00
0.00E+00, 2023-05-08T03:30:00+01:00, 2023-05-08T04:00:00+01:00
0.00E+00, 2023-05-08T04:00:00+01:00, 2023-05-08T04:30:00+01:00
0.00E+00, 2023-05-08T04:30:00+01:00, 2023-05-08T05:00:00+01:00
0.00E+00, 2023-05-08T05:00:00+01:00, 2023-05-08T05:30:00+01:00
0.00E+00, 2023-05-08T05:30:00+01:00, 2023-05-08T06:00:00+01:00
0.00E+00, 2023-05-08T06:00:00+01:00, 2023-05-08T06:30:00+01:00
0.00E+00, 2023-05-08T06:30:00+01:00, 2023-05-08T07:00:00+01:00
0.00E+00, 2023-05-08T07:00:00+01:00, 2023-05-08T07:30:00+01:00
0.013, 2023-05-08T07:30:00+01:00, 2023-05-08T08:00:00+01:00
0.012, 2023-05-08T08:00:00+01:00, 2023-05-08T08:30:00+01:00
0.03, 2023-05-08T08:30:00+01:00, 2023-05-08T09:00:00+01:00
0.036, 2023-05-08T09:00:00+01:00, 2023-05-08T09:30:00+01:00
0.161, 2023-05-08T09:30:00+01:00, 2023-05-08T10:00:00+01:00
0.252, 2023-05-08T10:00:00+01:00, 2023-05-08T10:30:00+01:00
0.312, 2023-05-08T10:30:00+01:00, 2023-05-08T11:00:00+01:00
0.171, 2023-05-08T11:00:00+01:00, 2023-05-08T11:30:00+01:00
0.141, 2023-05-08T11:30:00+01:00, 2023-05-08T12:00:00+01:00
0.1, 2023-05-08T12:00:00+01:00, 2023-05-08T12:30:00+01:00
0.136, 2023-05-08T12:30:00+01:00, 2023-05-08T13:00:00+01:00
0.162, 2023-05-08T13:00:00+01:00, 2023-05-08T13:30:00+01:00
0.045, 2023-05-08T13:30:00+01:00, 2023-05-08T14:00:00+01:00
0.119, 2023-05-08T14:00:00+01:00, 2023-05-08T14:30:00+01:00
0.021, 2023-05-08T14:30:00+01:00, 2023-05-08T15:00:00+01:00
0.001, 2023-05-08T15:00:00+01:00, 2023-05-08T15:30:00+01:00
0.002, 2023-05-08T15:30:00+01:00, 2023-05-08T16:00:00+01:00
0.004, 2023-05-08T16:00:00+01:00, 2023-05-08T16:30:00+01:00
0.022, 2023-05-08T16:30:00+01:00, 2023-05-08T17:00:00+01:00
0.112, 2023-05-08T17:00:00+01:00, 2023-05-08T17:30:00+01:00
0.009, 2023-05-08T17:30:00+01:00, 2023-05-08T18:00:00+01:00
0.011, 2023-05-08T18:00:00+01:00, 2023-05-08T18:30:00+01:00
0.00E+00, 2023-05-08T18:30:00+01:00, 2023-05-08T19:00:00+01:00
0.00E+00, 2023-05-08T19:00:00+01:00, 2023-05-08T19:30:00+01:00
0.001, 2023-05-08T19:30:00+01:00, 2023-05-08T20:00:00+01:00
0.00E+00, 2023-05-08T20:00:00+01:00, 2023-05-08T20:30:00+01:00
0.00E+00, 2023-05-08T20:30:00+01:00, 2023-05-08T21:00:00+01:00
0.00E+00, 2023-05-08T21:00:00+01:00, 2023-05-08T21:30:00+01:00
0.00E+00, 2023-05-08T21:30:00+01:00, 2023-05-08T22:00:00+01:00
0.00E+00, 2023-05-08T22:00:00+01:00, 2023-05-08T22:30:00+01:00
0.00E+00, 2023-05-08T22:30:00+01:00, 2023-05-08T23:00:00+01:00
0.00E+00, 2023-05-08T23:00:00+01:00, 2023-05-08T23:30:00+01:00
0.00E+00, 2023-05-08T23:30:00+01:00, 2023-05-09T00:00:00+01:00
0.00E+00, 2023-05-09T00:00:00+01:00, 2023-05-09T00:30:00+01:00
0.00E+00, 2023-05-09T00:30:00+01:00, 2023-05-09T01:00:00+01:00
0.00E+00, 2023-05-09T01:00:00+01:00, 2023-05-09T01:30:00+01:00
0.00E+00, 2023-05-09T01:30:00+01:00, 2023-05-09T02:00:00+01:00
0.00E+00, 2023-05-09T02:00:00+01:00, 2023-05-09T02:30:00+01:00
0.00E+00, 2023-05-09T02:30:00+01:00, 2023-05-09T03:00:00+01:00
0.00E+00, 2023-05-09T03:00:00+01:00, 2023-05-09T03:30:00+01:00
0.00E+00, 2023-05-09T03:30:00+01:00, 2023-05-09T04:00:00+01:00
0.00E+00, 2023-05-09T04:00:00+01:00, 2023-05-09T04:30:00+01:00
0.00E+00, 2023-05-09T04:30:00+01:00, 2023-05-09T05:00:00+01:00
0.00E+00, 2023-05-09T05:00:00+01:00, 2023-05-09T05:30:00+01:00
0.00E+00, 2023-05-09T05:30:00+01:00, 2023-05-09T06:00:00+01:00
0.007, 2023-05-09T06:00:00+01:00, 2023-05-09T06:30:00+01:00
0.055, 2023-05-09T06:30:00+01:00, 2023-05-09T07:00:00+01:00
0.091, 2023-05-09T07:00:00+01:00, 2023-05-09T07:30:00+01:00
0.417, 2023-05-09T07:30:00+01:00, 2023-05-09T08:00:00+01:00
0.498, 2023-05-09T08:00:00+01:00, 2023-05-09T08:30:00+01:00
0.688, 2023-05-09T08:30:00+01:00, 2023-05-09T09:00:00+01:00
0.565, 2023-05-09T09:00:00+01:00, 2023-05-09T09:30:00+01:00
0.718, 2023-05-09T09:30:00+01:00, 2023-05-09T10:00:00+01:00
0.432, 2023-05-09T10:00:00+01:00, 2023-05-09T10:30:00+01:00
0.307, 2023-05-09T10:30:00+01:00, 2023-05-09T11:00:00+01:00
0.393, 2023-05-09T11:00:00+01:00, 2023-05-09T11:30:00+01:00
0.258, 2023-05-09T11:30:00+01:00, 2023-05-09T12:00:00+01:00
0.459, 2023-05-09T12:00:00+01:00, 2023-05-09T12:30:00+01:00
0.323, 2023-05-09T12:30:00+01:00, 2023-05-09T13:00:00+01:00
0.222, 2023-05-09T13:00:00+01:00, 2023-05-09T13:30:00+01:00
0.635, 2023-05-09T13:30:00+01:00, 2023-05-09T14:00:00+01:00
0.757, 2023-05-09T14:00:00+01:00, 2023-05-09T14:30:00+01:00
0.893, 2023-05-09T14:30:00+01:00, 2023-05-09T15:00:00+01:00
0.607, 2023-05-09T15:00:00+01:00, 2023-05-09T15:30:00+01:00
0.415, 2023-05-09T15:30:00+01:00, 2023-05-09T16:00:00+01:00
0.298, 2023-05-09T16:00:00+01:00, 2023-05-09T16:30:00+01:00
0.314, 2023-05-09T16:30:00+01:00, 2023-05-09T17:00:00+01:00
0.074, 2023-05-09T17:00:00+01:00, 2023-05-09T17:30:00+01:00
0.023, 2023-05-09T17:30:00+01:00, 2023-05-09T18:00:00+01:00
0.00E+00, 2023-05-09T18:00:00+01:00, 2023-05-09T18:30:00+01:00
0.00E+00, 2023-05-09T18:30:00+01:00, 2023-05-09T19:00:00+01:00
0.00E+00, 2023-05-09T19:00:00+01:00, 2023-05-09T19:30:00+01:00
0.00E+00, 2023-05-09T19:30:00+01:00, 2023-05-09T20:00:00+01:00
0.00E+00, 2023-05-09T20:00:00+01:00, 2023-05-09T20:30:00+01:00
0.00E+00, 2023-05-09T20:30:00+01:00, 2023-05-09T21:00:00+01:00
0.00E+00, 2023-05-09T21:00:00+01:00, 2023-05-09T21:30:00+01:00
0.00E+00, 2023-05-09T21:30:00+01:00, 2023-05-09T22:00:00+01:00
0.00E+00, 2023-05-09T22:00:00+01:00, 2023-05-09T22:30:00+01:00
0.00E+00, 2023-05-09T22:30:00+01:00, 2023-05-09T23:00:00+01:00
0.00E+00, 2023-05-09T23:00:00+01:00, 2023-05-09T23:30:00+01:00
0.00E+00, 2023-05-09T23:30:00+01:00, 2023-05-10T00:00:00+01:00
0.00E+00, 2023-05-10T00:00:00+01:00, 2023-05-10T00:30:00+01:00
0.00E+00, 2023-05-10T00:30:00+01:00, 2023-05-10T01:00:00+01:00
0.00E+00, 2023-05-10T01:00:00+01:00, 2023-05-10T01:30:00+01:00
0.00E+00, 2023-05-10T01:30:00+01:00, 2023-05-10T02:00:00+01:00
0.00E+00, 2023-05-10T02:00:00+01:00, 2023-05-10T02:30:00+01:00
0.00E+00, 2023-05-10T02:30:00+01:00, 2023-05-10T03:00:00+01:00
0.00E+00, 2023-05-10T03:00:00+01:00, 2023-05-10T03:30:00+01:00
0.00E+00, 2023-05-10T03:30:00+01:00, 2023-05-10T04:00:00+01:00
0.00E+00, 2023-05-10T04:00:00+01:00, 2023-05-10T04:30:00+01:00
0.00E+00, 2023-05-10T04:30:00+01:00, 2023-05-10T05:00:00+01:00
0.00E+00, 2023-05-10T05:00:00+01:00, 2023-05-10T05:30:00+01:00
0.004, 2023-05-10T05:30:00+01:00, 2023-05-10T06:00:00+01:00
0.004, 2023-05-10T06:00:00+01:00, 2023-05-10T06:30:00+01:00
0.024, 2023-05-10T06:30:00+01:00, 2023-05-10T07:00:00+01:00
0.032, 2023-05-10T07:00:00+01:00, 2023-05-10T07:30:00+01:00
0.086, 2023-05-10T07:30:00+01:00, 2023-05-10T08:00:00+01:00
0.115, 2023-05-10T08:00:00+01:00, 2023-05-10T08:30:00+01:00
0.291, 2023-05-10T08:30:00+01:00, 2023-05-10T09:00:00+01:00
0.135, 2023-05-10T09:00:00+01:00, 2023-05-10T09:30:00+01:00
0.132, 2023-05-10T09:30:00+01:00, 2023-05-10T10:00:00+01:00
0.193, 2023-05-10T10:00:00+01:00, 2023-05-10T10:30:00+01:00
0.275, 2023-05-10T10:30:00+01:00, 2023-05-10T11:00:00+01:00
0.472, 2023-05-10T11:00:00+01:00, 2023-05-10T11:30:00+01:00
0.869, 2023-05-10T11:30:00+01:00, 2023-05-10T12:00:00+01:00
0.797, 2023-05-10T12:00:00+01:00, 2023-05-10T12:30:00+01:00
0.86, 2023-05-10T12:30:00+01:00, 2023-05-10T13:00:00+01:00
0.93, 2023-05-10T13:00:00+01:00, 2023-05-10T13:30:00+01:00
1.065, 2023-05-10T13:30:00+01:00, 2023-05-10T14:00:00+01:00
1.093, 2023-05-10T14:00:00+01:00, 2023-05-10T14:30:00+01:00
0.951, 2023-05-10T14:30:00+01:00, 2023-05-10T15:00:00+01:00
0.85, 2023-05-10T15:00:00+01:00, 2023-05-10T15:30:00+01:00
0.639, 2023-05-10T15:30:00+01:00, 2023-05-10T16:00:00+01:00
0.423, 2023-05-10T16:00:00+01:00, 2023-05-10T16:30:00+01:00
0.157, 2023-05-10T16:30:00+01:00, 2023-05-10T17:00:00+01:00
0.213, 2023-05-10T17:00:00+01:00, 2023-05-10T17:30:00+01:00
0.128, 2023-05-10T17:30:00+01:00, 2023-05-10T18:00:00+01:00
0.025, 2023-05-10T18:00:00+01:00, 2023-05-10T18:30:00+01:00
0.00E+00, 2023-05-10T18:30:00+01:00, 2023-05-10T19:00:00+01:00
0.00E+00, 2023-05-10T19:00:00+01:00, 2023-05-10T19:30:00+01:00
0.00E+00, 2023-05-10T19:30:00+01:00, 2023-05-10T20:00:00+01:00
0.00E+00, 2023-05-10T20:00:00+01:00, 2023-05-10T20:30:00+01:00
0.00E+00, 2023-05-10T20:30:00+01:00, 2023-05-10T21:00:00+01:00
0.00E+00, 2023-05-10T21:00:00+01:00, 2023-05-10T21:30:00+01:00
0.00E+00, 2023-05-10T21:30:00+01:00, 2023-05-10T22:00:00+01:00
0.00E+00, 2023-05-10T22:00:00+01:00, 2023-05-10T22:30:00+01:00
0.00E+00, 2023-05-10T22:30:00+01:00, 2023-05-10T23:00:00+01:00
0.00E+00, 2023-05-10T23:00:00+01:00, 2023-05-10T23:30:00+01:00
0.00E+00, 2023-05-10T23:30:00+01:00, 2023-05-11T00:00:00+01:00
0.00E+00, 2023-05-11T00:00:00+01:00, 2023-05-11T00:30:00+01:00
0.00E+00, 2023-05-11T00:30:00+01:00, 2023-05-11T01:00:00+01:00
0.00E+00, 2023-05-11T01:00:00+01:00, 2023-05-11T01:30:00+01:00
0.00E+00, 2023-05-11T01:30:00+01:00, 2023-05-11T02:00:00+01:00
0.00E+00, 2023-05-11T02:00:00+01:00, 2023-05-11T02:30:00+01:00
0.00E+00, 2023-05-11T02:30:00+01:00, 2023-05-11T03:00:00+01:00
0.00E+00, 2023-05-11T03:00:00+01:00, 2023-05-11T03:30:00+01:00
0.00E+00, 2023-05-11T03:30:00+01:00, 2023-05-11T04:00:00+01:00
0.00E+00, 2023-05-11T04:00:00+01:00, 2023-05-11T04:30:00+01:00
0.00E+00, 2023-05-11T04:30:00+01:00, 2023-05-11T05:00:00+01:00
0.00E+00, 2023-05-11T05:00:00+01:00, 2023-05-11T05:30:00+01:00
0.00E+00, 2023-05-11T05:30:00+01:00, 2023-05-11T06:00:00+01:00
0.00E+00, 2023-05-11T06:00:00+01:00, 2023-05-11T06:30:00+01:00
0.00E+00, 2023-05-11T06:30:00+01:00, 2023-05-11T07:00:00+01:00
0.028, 2023-05-11T07:00:00+01:00, 2023-05-11T07:30:00+01:00
0.098, 2023-05-11T07:30:00+01:00, 2023-05-11T08:00:00+01:00
0.197, 2023-05-11T08:00:00+01:00, 2023-05-11T08:30:00+01:00
0.176, 2023-05-11T08:30:00+01:00, 2023-05-11T09:00:00+01:00
0.415, 2023-05-11T09:00:00+01:00, 2023-05-11T09:30:00+01:00
0.682, 2023-05-11T09:30:00+01:00, 2023-05-11T10:00:00+01:00
0.709, 2023-05-11T10:00:00+01:00, 2023-05-11T10:30:00+01:00
0.977, 2023-05-11T10:30:00+01:00, 2023-05-11T11:00:00+01:00
0.685, 2023-05-11T11:00:00+01:00, 2023-05-11T11:30:00+01:00
0.761, 2023-05-11T11:30:00+01:00, 2023-05-11T12:00:00+01:00
1.353, 2023-05-11T12:00:00+01:00, 2023-05-11T12:30:00+01:00
1.141, 2023-05-11T12:30:00+01:00, 2023-05-11T13:00:00+01:00
1.082, 2023-05-11T13:00:00+01:00, 2023-05-11T13:30:00+01:00
1.123, 2023-05-11T13:30:00+01:00, 2023-05-11T14:00:00+01:00
1.023, 2023-05-11T14:00:00+01:00, 2023-05-11T14:30:00+01:00
0.976, 2023-05-11T14:30:00+01:00, 2023-05-11T15:00:00+01:00
0.846, 2023-05-11T15:00:00+01:00, 2023-05-11T15:30:00+01:00
0.603, 2023-05-11T15:30:00+01:00, 2023-05-11T16:00:00+01:00
0.311, 2023-05-11T16:00:00+01:00, 2023-05-11T16:30:00+01:00
0.012, 2023-05-11T16:30:00+01:00, 2023-05-11T17:00:00+01:00
0.048, 2023-05-11T17:00:00+01:00, 2023-05-11T17:30:00+01:00
0.083, 2023-05-11T17:30:00+01:00, 2023-05-11T18:00:00+01:00
0.026, 2023-05-11T18:00:00+01:00, 2023-05-11T18:30:00+01:00
0.00E+00, 2023-05-11T18:30:00+01:00, 2023-05-11T19:00:00+01:00
0.00E+00, 2023-05-11T19:00:00+01:00, 2023-05-11T19:30:00+01:00
0.00E+00, 2023-05-11T19:30:00+01:00, 2023-05-11T20:00:00+01:00
0.00E+00, 2023-05-11T20:00:00+01:00, 2023-05-11T20:30:00+01:00
0.00E+00, 2023-05-11T20:30:00+01:00, 2023-05-11T21:00:00+01:00
0.00E+00, 2023-05-11T21:00:00+01:00, 2023-05-11T21:30:00+01:00
0.00E+00, 2023-05-11T21:30:00+01:00, 2023-05-11T22:00:00+01:00
0.00E+00, 2023-05-11T22:00:00+01:00, 2023-05-11T22:30:00+01:00
0.00E+00, 2023-05-11T22:30:00+01:00, 2023-05-11T23:00:00+01:00
0.00E+00, 2023-05-11T23:00:00+01:00, 2023-05-11T23:30:00+01:00
0.00E+00, 2023-05-11T23:30:00+01:00, 2023-05-12T00:00:00+01:00
0.00E+00, 2023-05-12T00:00:00+01:00, 2023-05-12T00:30:00+01:00
0.00E+00, 2023-05-12T00:30:00+01:00, 2023-05-12T01:00:00+01:00
0.00E+00, 2023-05-12T01:00:00+01:00, 2023-05-12T01:30:00+01:00
0.00E+00, 2023-05-12T01:30:00+01:00, 2023-05-12T02:00:00+01:00
0.00E+00, 2023-05-12T02:00:00+01:00, 2023-05-12T02:30:00+01:00
0.00E+00, 2023-05-12T02:30:00+01:00, 2023-05-12T03:00:00+01:00
0.00E+00, 2023-05-12T03:00:00+01:00, 2023-05-12T03:30:00+01:00
0.00E+00, 2023-05-12T03:30:00+01:00, 2023-05-12T04:00:00+01:00
0.00E+00, 2023-05-12T04:00:00+01:00, 2023-05-12T04:30:00+01:00
0.00E+00, 2023-05-12T04:30:00+01:00, 2023-05-12T05:00:00+01:00
0.00E+00, 2023-05-12T05:00:00+01:00, 2023-05-12T05:30:00+01:00
0.00E+00, 2023-05-12T05:30:00+01:00, 2023-05-12T06:00:00+01:00
0.003, 2023-05-12T06:00:00+01:00, 2023-05-12T06:30:00+01:00
0.075, 2023-05-12T06:30:00+01:00, 2023-05-12T07:00:00+01:00
0.112, 2023-05-12T07:00:00+01:00, 2023-05-12T07:30:00+01:00
0.346, 2023-05-12T07:30:00+01:00, 2023-05-12T08:00:00+01:00
0.652, 2023-05-12T08:00:00+01:00, 2023-05-12T08:30:00+01:00
0.249, 2023-05-12T08:30:00+01:00, 2023-05-12T09:00:00+01:00
0.411, 2023-05-12T09:00:00+01:00, 2023-05-12T09:30:00+01:00
0.698, 2023-05-12T09:30:00+01:00, 2023-05-12T10:00:00+01:00
0.446, 2023-05-12T10:00:00+01:00, 2023-05-12T10:30:00+01:00
0.591, 2023-05-12T10:30:00+01:00, 2023-05-12T11:00:00+01:00
1.067, 2023-05-12T11:00:00+01:00, 2023-05-12T11:30:00+01:00
1.014, 2023-05-12T11:30:00+01:00, 2023-05-12T12:00:00+01:00
0.539, 2023-05-12T12:00:00+01:00, 2023-05-12T12:30:00+01:00
0.915, 2023-05-12T12:30:00+01:00, 2023-05-12T13:00:00+01:00
0.819, 2023-05-12T13:00:00+01:00, 2023-05-12T13:30:00+01:00
0.795, 2023-05-12T13:30:00+01:00, 2023-05-12T14:00:00+01:00
0.864, 2023-05-12T14:00:00+01:00, 2023-05-12T14:30:00+01:00
0.56, 2023-05-12T14:30:00+01:00, 2023-05-12T15:00:00+01:00
0.553, 2023-05-12T15:00:00+01:00, 2023-05-12T15:30:00+01:00
0.294, 2023-05-12T15:30:00+01:00, 2023-05-12T16:00:00+01:00
0.149, 2023-05-12T16:00:00+01:00, 2023-05-12T16:30:00+01:00
0.058, 2023-05-12T16:30:00+01:00, 2023-05-12T17:00:00+01:00
0.077, 2023-05-12T17:00:00+01:00, 2023-05-12T17:30:00+01:00
0.022, 2023-05-12T17:30:00+01:00, 2023-05-12T18:00:00+01:00
0.006, 2023-05-12T18:00:00+01:00, 2023-05-12T18:30:00+01:00
0.00E+00, 2023-05-12T18:30:00+01:00, 2023-05-12T19:00:00+01:00
0.00E+00, 2023-05-12T19:00:00+01:00, 2023-05-12T19:30:00+01:00
0.00E+00, 2023-05-12T19:30:00+01:00, 2023-05-12T20:00:00+01:00
0.00E+00, 2023-05-12T20:00:00+01:00, 2023-05-12T20:30:00+01:00
0.00E+00, 2023-05-12T20:30:00+01:00, 2023-05-12T21:00:00+01:00
0.00E+00, 2023-05-12T21:00:00+01:00, 2023-05-12T21:30:00+01:00
0.00E+00, 2023-05-12T21:30:00+01:00, 2023-05-12T22:00:00+01:00
0.00E+00, 2023-05-12T22:00:00+01:00, 2023-05-12T22:30:00+01:00
0.00E+00, 2023-05-12T22:30:00+01:00, 2023-05-12T23:00:00+01:00
0.00E+00, 2023-05-12T23:00:00+01:00, 2023-05-12T23:30:00+01:00
0.00E+00, 2023-05-12T23:30:00+01:00, 2023-05-13T00:00:00+01:00
0.00E+00, 2023-05-13T00:00:00+01:00, 2023-05-13T00:30:00+01:00
0.00E+00, 2023-05-13T00:30:00+01:00, 2023-05-13T01:00:00+01:00
0.00E+00, 2023-05-13T01:00:00+01:00, 2023-05-13T01:30:00+01:00
0.00E+00, 2023-05-13T01:30:00+01:00, 2023-05-13T02:00:00+01:00
0.00E+00, 2023-05-13T02:00:00+01:00, 2023-05-13T02:30:00+01:00
0.00E+00, 2023-05-13T02:30:00+01:00, 2023-05-13T03:00:00+01:00
0.00E+00, 2023-05-13T03:00:00+01:00, 2023-05-13T03:30:00+01:00
0.00E+00, 2023-05-13T03:30:00+01:00, 2023-05-13T04:00:00+01:00
0.00E+00, 2023-05-13T04:00:00+01:00, 2023-05-13T04:30:00+01:00
0.00E+00, 2023-05-13T04:30:00+01:00, 2023-05-13T05:00:00+01:00
0.00E+00, 2023-05-13T05:00:00+01:00, 2023-05-13T05:30:00+01:00
0.00E+00, 2023-05-13T05:30:00+01:00, 2023-05-13T06:00:00+01:00
0.009, 2023-05-13T06:00:00+01:00, 2023-05-13T06:30:00+01:00
0.119, 2023-05-13T06:30:00+01:00, 2023-05-13T07:00:00+01:00
0.23, 2023-05-13T07:00:00+01:00, 2023-05-13T07:30:00+01:00
0.418, 2023-05-13T07:30:00+01:00, 2023-05-13T08:00:00+01:00
0.273, 2023-05-13T08:00:00+01:00, 2023-05-13T08:30:00+01:00
0.438, 2023-05-13T08:30:00+01:00, 2023-05-13T09:00:00+01:00
0.708, 2023-05-13T09:00:00+01:00, 2023-05-13T09:30:00+01:00
0.937, 2023-05-13T09:30:00+01:00, 2023-05-13T10:00:00+01:00
1.012, 2023-05-13T10:00:00+01:00, 2023-05-13T10:30:00+01:00
0.983, 2023-05-13T10:30:00+01:00, 2023-05-13T11:00:00+01:00
0.419, 2023-05-13T11:00:00+01:00, 2023-05-13T11:30:00+01:00
0.015, 2023-05-13T11:30:00+01:00, 2023-05-13T12:00:00+01:00
0.41, 2023-05-13T12:00:00+01:00, 2023-05-13T12:30:00+01:00
0.542, 2023-05-13T12:30:00+01:00, 2023-05-13T13:00:00+01:00
0.768, 2023-05-13T13:00:00+01:00, 2023-05-13T13:30:00+01:00
0.944, 2023-05-13T13:30:00+01:00, 2023-05-13T14:00:00+01:00
0.823, 2023-05-13T14:00:00+01:00, 2023-05-13T14:30:00+01:00
0.768, 2023-05-13T14:30:00+01:00, 2023-05-13T15:00:00+01:00
0.621, 2023-05-13T15:00:00+01:00, 2023-05-13T15:30:00+01:00
0.53, 2023-05-13T15:30:00+01:00, 2023-05-13T16:00:00+01:00
0.305, 2023-05-13T16:00:00+01:00, 2023-05-13T16:30:00+01:00
0.243, 2023-05-13T16:30:00+01:00, 2023-05-13T17:00:00+01:00
0.063, 2023-05-13T17:00:00+01:00, 2023-05-13T17:30:00+01:00
0.047, 2023-05-13T17:30:00+01:00, 2023-05-13T18:00:00+01:00
0.00E+00, 2023-05-13T18:00:00+01:00, 2023-05-13T18:30:00+01:00
0.00E+00, 2023-05-13T18:30:00+01:00, 2023-05-13T19:00:00+01:00
0.00E+00, 2023-05-13T19:00:00+01:00, 2023-05-13T19:30:00+01:00
0.00E+00, 2023-05-13T19:30:00+01:00, 2023-05-13T20:00:00+01:00
0.00E+00, 2023-05-13T20:00:00+01:00, 2023-05-13T20:30:00+01:00
0.00E+00, 2023-05-13T20:30:00+01:00, 2023-05-13T21:00:00+01:00
0.00E+00, 2023-05-13T21:00:00+01:00, 2023-05-13T21:30:00+01:00
0.00E+00, 2023-05-13T21:30:00+01:00, 2023-05-13T22:00:00+01:00
0.00E+00, 2023-05-13T22:00:00+01:00, 2023-05-13T22:30:00+01:00
0.00E+00, 2023-05-13T22:30:00+01:00, 2023-05-13T23:00:00+01:00
0.00E+00, 2023-05-13T23:00:00+01:00, 2023-05-13T23:30:00+01:00
0.00E+00, 2023-05-13T23:30:00+01:00, 2023-05-14T00:00:00+01:00
0.00E+00, 2023-05-14T00:00:00+01:00, 2023-05-14T00:30:00+01:00
0.00E+00, 2023-05-14T00:30:00+01:00, 2023-05-14T01:00:00+01:00
0.00E+00, 2023-05-14T01:00:00+01:00, 2023-05-14T01:30:00+01:00
0.00E+00, 2023-05-14T01:30:00+01:00, 2023-05-14T02:00:00+01:00
0.00E+00, 2023-05-14T02:00:00+01:00, 2023-05-14T02:30:00+01:00
0.00E+00, 2023-05-14T02:30:00+01:00, 2023-05-14T03:00:00+01:00
0.00E+00, 2023-05-14T03:00:00+01:00, 2023-05-14T03:30:00+01:00
0.00E+00, 2023-05-14T03:30:00+01:00, 2023-05-14T04:00:00+01:00
0.00E+00, 2023-05-14T04:00:00+01:00, 2023-05-14T04:30:00+01:00
0.00E+00, 2023-05-14T04:30:00+01:00, 2023-05-14T05:00:00+01:00
0.00E+00, 2023-05-14T05:00:00+01:00, 2023-05-14T05:30:00+01:00
0.001, 2023-05-14T05:30:00+01:00, 2023-05-14T06:00:00+01:00
0.039, 2023-05-14T06:00:00+01:00, 2023-05-14T06:30:00+01:00
0.102, 2023-05-14T06:30:00+01:00, 2023-05-14T07:00:00+01:00
0.231, 2023-05-14T07:00:00+01:00, 2023-05-14T07:30:00+01:00
0.331, 2023-05-14T07:30:00+01:00, 2023-05-14T08:00:00+01:00
0.297, 2023-05-14T08:00:00+01:00, 2023-05-14T08:30:00+01:00
0.457, 2023-05-14T08:30:00+01:00, 2023-05-14T09:00:00+01:00
0.304, 2023-05-14T09:00:00+01:00, 2023-05-14T09:30:00+01:00
0.508, 2023-05-14T09:30:00+01:00, 2023-05-14T10:00:00+01:00
0.566, 2023-05-14T10:00:00+01:00, 2023-05-14T10:30:00+01:00
0.913, 2023-05-14T10:30:00+01:00, 2023-05-14T11:00:00+01:00
0.753, 2023-05-14T11:00:00+01:00, 2023-05-14T11:30:00+01:00
0.302, 2023-05-14T11:30:00+01:00, 2023-05-14T12:00:00+01:00
0.271, 2023-05-14T12:00:00+01:00, 2023-05-14T12:30:00+01:00
0.408, 2023-05-14T12:30:00+01:00, 2023-05-14T13:00:00+01:00
0.414, 2023-05-14T13:00:00+01:00, 2023-05-14T13:30:00+01:00
0.135, 2023-05-14T13:30:00+01:00, 2023-05-14T14:00:00+01:00
0.188, 2023-05-14T14:00:00+01:00, 2023-05-14T14:30:00+01:00
0.217, 2023-05-14T14:30:00+01:00, 2023-05-14T15:00:00+01:00
0.372, 2023-05-14T15:00:00+01:00, 2023-05-14T15:30:00+01:00
0.186, 2023-05-14T15:30:00+01:00, 2023-05-14T16:00:00+01:00
0.074, 2023-05-14T16:00:00+01:00, 2023-05-14T16:30:00+01:00
0.048, 2023-05-14T16:30:00+01:00, 2023-05-14T17:00:00+01:00
0.00E+00, 2023-05-14T17:00:00+01:00, 2023-05-14T17:30:00+01:00
0.00E+00, 2023-05-14T17:30:00+01:00, 2023-05-14T18:00:00+01:00
0.00E+00, 2023-05-14T18:00:00+01:00, 2023-05-14T18:30:00+01:00
0.008, 2023-05-14T18:30:00+01:00, 2023-05-14T19:00:00+01:00
0.00E+00, 2023-05-14T19:00:00+01:00, 2023-05-14T19:30:00+01:00
0.00E+00, 2023-05-14T19:30:00+01:00, 2023-05-14T20:00:00+01:00
0.00E+00, 2023-05-14T20:00:00+01:00, 2023-05-14T20:30:00+01:00
0.00E+00, 2023-05-14T20:30:00+01:00, 2023-05-14T21:00:00+01:00
0.00E+00, 2023-05-14T21:00:00+01:00, 2023-05-14T21:30:00+01:00
0.00E+00, 2023-05-14T21:30:00+01:00, 2023-05-14T22:00:00+01:00
0.00E+00, 2023-05-14T22:00:00+01:00, 2023-05-14T22:30:00+01:00
0.00E+00, 2023-05-14T22:30:00+01:00, 2023-05-14T23:00:00+01:00
0.00E+00, 2023-05-14T23:00:00+01:00, 2023-05-14T23:30:00+01:00
0.00E+00, 2023-05-14T23:30:00+01:00, 2023-05-15T00:00:00+01:00
0.00E+00, 2023-05-15T00:00:00+01:00, 2023-05-15T00:30:00+01:00
0.00E+00, 2023-05-15T00:30:00+01:00, 2023-05-15T01:00:00+01:00
0.00E+00, 2023-05-15T01:00:00+01:00, 2023-05-15T01:30:00+01:00
0.00E+00, 2023-05-15T01:30:00+01:00, 2023-05-15T02:00:00+01:00
0.00E+00, 2023-05-15T02:00:00+01:00, 2023-05-15T02:30:00+01:00
0.00E+00, 2023-05-15T02:30:00+01:00, 2023-05-15T03:00:00+01:00
0.00E+00, 2023-05-15T03:00:00+01:00, 2023-05-15T03:30:00+01:00
0.00E+00, 2023-05-15T03:30:00+01:00, 2023-05-15T04:00:00+01:00
0.00E+00, 2023-05-15T04:00:00+01:00, 2023-05-15T04:30:00+01:00
0.00E+00, 2023-05-15T04:30:00+01:00, 2023-05-15T05:00:00+01:00
0.00E+00, 2023-05-15T05:00:00+01:00, 2023-05-15T05:30:00+01:00
0.00E+00, 2023-05-15T05:30:00+01:00, 2023-05-15T06:00:00+01:00
0.00E+00, 2023-05-15T06:00:00+01:00, 2023-05-15T06:30:00+01:00
0.00E+00, 2023-05-15T06:30:00+01:00, 2023-05-15T07:00:00+01:00
0.331, 2023-05-15T07:00:00+01:00, 2023-05-15T07:30:00+01:00
0.325, 2023-05-15T07:30:00+01:00, 2023-05-15T08:00:00+01:00
0.404, 2023-05-15T08:00:00+01:00, 2023-05-15T08:30:00+01:00
0.719, 2023-05-15T08:30:00+01:00, 2023-05-15T09:00:00+01:00
0.69, 2023-05-15T09:00:00+01:00, 2023-05-15T09:30:00+01:00
0.918, 2023-05-15T09:30:00+01:00, 2023-05-15T10:00:00+01:00
0.807, 2023-05-15T10:00:00+01:00, 2023-05-15T10:30:00+01:00
0.983, 2023-05-15T10:30:00+01:00, 2023-05-15T11:00:00+01:00
1.175, 2023-05-15T11:00:00+01:00, 2023-05-15T11:30:00+01:00
1.257, 2023-05-15T11:30:00+01:00, 2023-05-15T12:00:00+01:00
1.2, 2023-05-15T12:00:00+01:00, 2023-05-15T12:30:00+01:00
1.074, 2023-05-15T12:30:00+01:00, 2023-05-15T13:00:00+01:00
1.143, 2023-05-15T13:00:00+01:00, 2023-05-15T13:30:00+01:00
1.118, 2023-05-15T13:30:00+01:00, 2023-05-15T14:00:00+01:00
1, 2023-05-15T14:00:00+01:00, 2023-05-15T14:30:00+01:00
0.949, 2023-05-15T14:30:00+01:00, 2023-05-15T15:00:00+01:00
0.8, 2023-05-15T15:00:00+01:00, 2023-05-15T15:30:00+01:00
0.692, 2023-05-15T15:30:00+01:00, 2023-05-15T16:00:00+01:00
0.476, 2023-05-15T16:00:00+01:00, 2023-05-15T16:30:00+01:00
0.313, 2023-05-15T16:30:00+01:00, 2023-05-15T17:00:00+01:00
0.204, 2023-05-15T17:00:00+01:00, 2023-05-15T17:30:00+01:00
0.016, 2023-05-15T17:30:00+01:00, 2023-05-15T18:00:00+01:00
0.00E+00, 2023-05-15T18:00:00+01:00, 2023-05-15T18:30:00+01:00
0.00E+00, 2023-05-15T18:30:00+01:00, 2023-05-15T19:00:00+01:00
0.00E+00, 2023-05-15T19:00:00+01:00, 2023-05-15T19:30:00+01:00
0.00E+00, 2023-05-15T19:30:00+01:00, 2023-05-15T20:00:00+01:00
0.00E+00, 2023-05-15T20:00:00+01:00, 2023-05-15T20:30:00+01:00
0.00E+00, 2023-05-15T20:30:00+01:00, 2023-05-15T21:00:00+01:00
0.00E+00, 2023-05-15T21:00:00+01:00, 2023-05-15T21:30:00+01:00
0.00E+00, 2023-05-15T21:30:00+01:00, 2023-05-15T22:00:00+01:00
0.00E+00, 2023-05-15T22:00:00+01:00, 2023-05-15T22:30:00+01:00
0.00E+00, 2023-05-15T22:30:00+01:00, 2023-05-15T23:00:00+01:00
0.00E+00, 2023-05-15T23:00:00+01:00, 2023-05-15T23:30:00+01:00
0.00E+00, 2023-05-15T23:30:00+01:00, 2023-05-16T00:00:00+01:00
0.00E+00, 2023-05-16T00:00:00+01:00, 2023-05-16T00:30:00+01:00
0.00E+00, 2023-05-16T00:30:00+01:00, 2023-05-16T01:00:00+01:00
0.00E+00, 2023-05-16T01:00:00+01:00, 2023-05-16T01:30:00+01:00
0.00E+00, 2023-05-16T01:30:00+01:00, 2023-05-16T02:00:00+01:00
0.00E+00, 2023-05-16T02:00:00+01:00, 2023-05-16T02:30:00+01:00
0.00E+00, 2023-05-16T02:30:00+01:00, 2023-05-16T03:00:00+01:00
0.00E+00, 2023-05-16T03:00:00+01:00, 2023-05-16T03:30:00+01:00
0.00E+00, 2023-05-16T03:30:00+01:00, 2023-05-16T04:00:00+01:00
0.00E+00, 2023-05-16T04:00:00+01:00, 2023-05-16T04:30:00+01:00
0.00E+00, 2023-05-16T04:30:00+01:00, 2023-05-16T05:00:00+01:00
0.00E+00, 2023-05-16T05:00:00+01:00, 2023-05-16T05:30:00+01:00
0.00E+00, 2023-05-16T05:30:00+01:00, 2023-05-16T06:00:00+01:00
0.00E+00, 2023-05-16T06:00:00+01:00, 2023-05-16T06:30:00+01:00
0.00E+00, 2023-05-16T06:30:00+01:00, 2023-05-16T07:00:00+01:00
0.008, 2023-05-16T07:00:00+01:00, 2023-05-16T07:30:00+01:00
0.057, 2023-05-16T07:30:00+01:00, 2023-05-16T08:00:00+01:00
0.07, 2023-05-16T08:00:00+01:00, 2023-05-16T08:30:00+01:00
0.408, 2023-05-16T08:30:00+01:00, 2023-05-16T09:00:00+01:00
0.755, 2023-05-16T09:00:00+01:00, 2023-05-16T09:30:00+01:00
0.901, 2023-05-16T09:30:00+01:00, 2023-05-16T10:00:00+01:00
0.73, 2023-05-16T10:00:00+01:00, 2023-05-16T10:30:00+01:00
0.627, 2023-05-16T10:30:00+01:00, 2023-05-16T11:00:00+01:00
0.608, 2023-05-16T11:00:00+01:00, 2023-05-16T11:30:00+01:00
1.189, 2023-05-16T11:30:00+01:00, 2023-05-16T12:00:00+01:00
1.185, 2023-05-16T12:00:00+01:00, 2023-05-16T12:30:00+01:00
1.06, 2023-05-16T12:30:00+01:00, 2023-05-16T13:00:00+01:00
1.106, 2023-05-16T13:00:00+01:00, 2023-05-16T13:30:00+01:00
1.086, 2023-05-16T13:30:00+01:00, 2023-05-16T14:00:00+01:00
0.912, 2023-05-16T14:00:00+01:00, 2023-05-16T14:30:00+01:00
0.904, 2023-05-16T14:30:00+01:00, 2023-05-16T15:00:00+01:00
0.744, 2023-05-16T15:00:00+01:00, 2023-05-16T15:30:00+01:00
0.68, 2023-05-16T15:30:00+01:00, 2023-05-16T16:00:00+01:00
0.629, 2023-05-16T16:00:00+01:00, 2023-05-16T16:30:00+01:00
0.21, 2023-05-16T16:30:00+01:00, 2023-05-16T17:00:00+01:00
0.049, 2023-05-16T17:00:00+01:00, 2023-05-16T17:30:00+01:00
0.057, 2023-05-16T17:30:00+01:00, 2023-05-16T18:00:00+01:00
0.026, 2023-05-16T18:00:00+01:00, 2023-05-16T18:30:00+01:00
0.008, 2023-05-16T18:30:00+01:00, 2023-05-16T19:00:00+01:00
0.002, 2023-05-16T19:00:00+01:00, 2023-05-16T19:30:00+01:00
0.00E+00, 2023-05-16T19:30:00+01:00, 2023-05-16T20:00:00+01:00
0.00E+00, 2023-05-16T20:00:00+01:00, 2023-05-16T20:30:00+01:00
0.00E+00, 2023-05-16T20:30:00+01:00, 2023-05-16T21:00:00+01:00
0.00E+00, 2023-05-16T21:00:00+01:00, 2023-05-16T21:30:00+01:00
0.00E+00, 2023-05-16T21:30:00+01:00, 2023-05-16T22:00:00+01:00
0.00E+00, 2023-05-16T22:00:00+01:00, 2023-05-16T22:30:00+01:00
0.00E+00, 2023-05-16T22:30:00+01:00, 2023-05-16T23:00:00+01:00
0.00E+00, 2023-05-16T23:00:00+01:00, 2023-05-16T23:30:00+01:00
0.00E+00, 2023-05-16T23:30:00+01:00, 2023-05-17T00:00:00+01:00
0.00E+00, 2023-05-17T00:00:00+01:00, 2023-05-17T00:30:00+01:00
0.00E+00, 2023-05-17T00:30:00+01:00, 2023-05-17T01:00:00+01:00
0.00E+00, 2023-05-17T01:00:00+01:00, 2023-05-17T01:30:00+01:00
0.00E+00, 2023-05-17T01:30:00+01:00, 2023-05-17T02:00:00+01:00
0.00E+00, 2023-05-17T02:00:00+01:00, 2023-05-17T02:30:00+01:00
0.00E+00, 2023-05-17T02:30:00+01:00, 2023-05-17T03:00:00+01:00
0.00E+00, 2023-05-17T03:00:00+01:00, 2023-05-17T03:30:00+01:00
0.00E+00, 2023-05-17T03:30:00+01:00, 2023-05-17T04:00:00+01:00
0.00E+00, 2023-05-17T04:00:00+01:00, 2023-05-17T04:30:00+01:00
0.00E+00, 2023-05-17T04:30:00+01:00, 2023-05-17T05:00:00+01:00
0.00E+00, 2023-05-17T05:00:00+01:00, 2023-05-17T05:30:00+01:00
0.002, 2023-05-17T05:30:00+01:00, 2023-05-17T06:00:00+01:00
0.019, 2023-05-17T06:00:00+01:00, 2023-05-17T06:30:00+01:00
0.046, 2023-05-17T06:30:00+01:00, 2023-05-17T07:00:00+01:00
0.193, 2023-05-17T07:00:00+01:00, 2023-05-17T07:30:00+01:00
0.305, 2023-05-17T07:30:00+01:00, 2023-05-17T08:00:00+01:00
0.387, 2023-05-17T08:00:00+01:00, 2023-05-17T08:30:00+01:00
0.409, 2023-05-17T08:30:00+01:00, 2023-05-17T09:00:00+01:00
0.718, 2023-05-17T09:00:00+01:00, 2023-05-17T09:30:00+01:00
0.554, 2023-05-17T09:30:00+01:00, 2023-05-17T10:00:00+01:00
0.852, 2023-05-17T10:00:00+01:00, 2023-05-17T10:30:00+01:00
1.187, 2023-05-17T10:30:00+01:00, 2023-05-17T11:00:00+01:00
1.211, 2023-05-17T11:00:00+01:00, 2023-05-17T11:30:00+01:00
0.824, 2023-05-17T11:30:00+01:00, 2023-05-17T12:00:00+01:00
0.734, 2023-05-17T12:00:00+01:00, 2023-05-17T12:30:00+01:00
1.112, 2023-05-17T12:30:00+01:00, 2023-05-17T13:00:00+01:00
1.051, 2023-05-17T13:00:00+01:00, 2023-05-17T13:30:00+01:00
1.068, 2023-05-17T13:30:00+01:00, 2023-05-17T14:00:00+01:00
1.053, 2023-05-17T14:00:00+01:00, 2023-05-17T14:30:00+01:00
0.902, 2023-05-17T14:30:00+01:00, 2023-05-17T15:00:00+01:00
0.869, 2023-05-17T15:00:00+01:00, 2023-05-17T15:30:00+01:00
0.596, 2023-05-17T15:30:00+01:00, 2023-05-17T16:00:00+01:00
0.493, 2023-05-17T16:00:00+01:00, 2023-05-17T16:30:00+01:00
0.385, 2023-05-17T16:30:00+01:00, 2023-05-17T17:00:00+01:00
0.228, 2023-05-17T17:00:00+01:00, 2023-05-17T17:30:00+01:00
0.14, 2023-05-17T17:30:00+01:00, 2023-05-17T18:00:00+01:00
0.037, 2023-05-17T18:00:00+01:00, 2023-05-17T18:30:00+01:00
0.00E+00, 2023-05-17T18:30:00+01:00, 2023-05-17T19:00:00+01:00
0.00E+00, 2023-05-17T19:00:00+01:00, 2023-05-17T19:30:00+01:00
0.00E+00, 2023-05-17T19:30:00+01:00, 2023-05-17T20:00:00+01:00
0.00E+00, 2023-05-17T20:00:00+01:00, 2023-05-17T20:30:00+01:00
0.00E+00, 2023-05-17T20:30:00+01:00, 2023-05-17T21:00:00+01:00
0.00E+00, 2023-05-17T21:00:00+01:00, 2023-05-17T21:30:00+01:00
0.00E+00, 2023-05-17T21:30:00+01:00, 2023-05-17T22:00:00+01:00
0.00E+00, 2023-05-17T22:00:00+01:00, 2023-05-17T22:30:00+01:00
0.00E+00, 2023-05-17T22:30:00+01:00, 2023-05-17T23:00:00+01:00
0.00E+00, 2023-05-17T23:00:00+01:00, 2023-05-17T23:30:00+01:00
0.00E+00, 2023-05-17T23:30:00+01:00, 2023-05-18T00:00:00+01:00
0.00E+00, 2023-05-18T00:00:00+01:00, 2023-05-18T00:30:00+01:00
0.00E+00, 2023-05-18T00:30:00+01:00, 2023-05-18T01:00:00+01:00
0.00E+00, 2023-05-18T01:00:00+01:00, 2023-05-18T01:30:00+01:00
0.00E+00, 2023-05-18T01:30:00+01:00, 2023-05-18T02:00:00+01:00
0.00E+00, 2023-05-18T02:00:00+01:00, 2023-05-18T02:30:00+01:00
0.00E+00, 2023-05-18T02:30:00+01:00, 2023-05-18T03:00:00+01:00
0.00E+00, 2023-05-18T03:00:00+01:00, 2023-05-18T03:30:00+01:00
0.00E+00, 2023-05-18T03:30:00+01:00, 2023-05-18T04:00:00+01:00
0.00E+00, 2023-05-18T04:00:00+01:00, 2023-05-18T04:30:00+01:00
0.00E+00, 2023-05-18T04:30:00+01:00, 2023-05-18T05:00:00+01:00
0.00E+00, 2023-05-18T05:00:00+01:00, 2023-05-18T05:30:00+01:00
0.00E+00, 2023-05-18T05:30:00+01:00, 2023-05-18T06:00:00+01:00
0.001, 2023-05-18T06:00:00+01:00, 2023-05-18T06:30:00+01:00
0.003, 2023-05-18T06:30:00+01:00, 2023-05-18T07:00:00+01:00
0.092, 2023-05-18T07:00:00+01:00, 2023-05-18T07:30:00+01:00
0.205, 2023-05-18T07:30:00+01:00, 2023-05-18T08:00:00+01:00
0.44, 2023-05-18T08:00:00+01:00, 2023-05-18T08:30:00+01:00
0.735, 2023-05-18T08:30:00+01:00, 2023-05-18T09:00:00+01:00
0.82, 2023-05-18T09:00:00+01:00, 2023-05-18T09:30:00+01:00
0.848, 2023-05-18T09:30:00+01:00, 2023-05-18T10:00:00+01:00
0.519, 2023-05-18T10:00:00+01:00, 2023-05-18T10:30:00+01:00
0.6, 2023-05-18T10:30:00+01:00, 2023-05-18T11:00:00+01:00
0.747, 2023-05-18T11:00:00+01:00, 2023-05-18T11:30:00+01:00
0.695, 2023-05-18T11:30:00+01:00, 2023-05-18T12:00:00+01:00
0.557, 2023-05-18T12:00:00+01:00, 2023-05-18T12:30:00+01:00
0.454, 2023-05-18T12:30:00+01:00, 2023-05-18T13:00:00+01:00
0.557, 2023-05-18T13:00:00+01:00, 2023-05-18T13:30:00+01:00
0.439, 2023-05-18T13:30:00+01:00, 2023-05-18T14:00:00+01:00
0.472, 2023-05-18T14:00:00+01:00, 2023-05-18T14:30:00+01:00
0.411, 2023-05-18T14:30:00+01:00, 2023-05-18T15:00:00+01:00
0.396, 2023-05-18T15:00:00+01:00, 2023-05-18T15:30:00+01:00
0.452, 2023-05-18T15:30:00+01:00, 2023-05-18T16:00:00+01:00
0.461, 2023-05-18T16:00:00+01:00, 2023-05-18T16:30:00+01:00
0.286, 2023-05-18T16:30:00+01:00, 2023-05-18T17:00:00+01:00
0.229, 2023-05-18T17:00:00+01:00, 2023-05-18T17:30:00+01:00
0.201, 2023-05-18T17:30:00+01:00, 2023-05-18T18:00:00+01:00
0.079, 2023-05-18T18:00:00+01:00, 2023-05-18T18:30:00+01:00
0.00E+00, 2023-05-18T18:30:00+01:00, 2023-05-18T19:00:00+01:00
0.00E+00, 2023-05-18T19:00:00+01:00, 2023-05-18T19:30:00+01:00
0.00E+00, 2023-05-18T19:30:00+01:00, 2023-05-18T20:00:00+01:00
0.00E+00, 2023-05-18T20:00:00+01:00, 2023-05-18T20:30:00+01:00
0.00E+00, 2023-05-18T20:30:00+01:00, 2023-05-18T21:00:00+01:00
0.00E+00, 2023-05-18T21:00:00+01:00, 2023-05-18T21:30:00+01:00
0.00E+00, 2023-05-18T21:30:00+01:00, 2023-05-18T22:00:00+01:00
0.00E+00, 2023-05-18T22:00:00+01:00, 2023-05-18T22:30:00+01:00
0.00E+00, 2023-05-18T22:30:00+01:00, 2023-05-18T23:00:00+01:00
0.00E+00, 2023-05-18T23:00:00+01:00, 2023-05-18T23:30:00+01:00
0.00E+00, 2023-05-18T23:30:00+01:00, 2023-05-19T00:00:00+01:00
0.00E+00, 2023-05-19T00:00:00+01:00, 2023-05-19T00:30:00+01:00
0.00E+00, 2023-05-19T00:30:00+01:00, 2023-05-19T01:00:00+01:00
0.00E+00, 2023-05-19T01:00:00+01:00, 2023-05-19T01:30:00+01:00
0.00E+00, 2023-05-19T01:30:00+01:00, 2023-05-19T02:00:00+01:00
0.00E+00, 2023-05-19T02:00:00+01:00, 2023-05-19T02:30:00+01:00
0.00E+00, 2023-05-19T02:30:00+01:00, 2023-05-19T03:00:00+01:00
0.00E+00, 2023-05-19T03:00:00+01:00, 2023-05-19T03:30:00+01:00
0.00E+00, 2023-05-19T03:30:00+01:00, 2023-05-19T04:00:00+01:00
0.00E+00, 2023-05-19T04:00:00+01:00, 2023-05-19T04:30:00+01:00
0.00E+00, 2023-05-19T04:30:00+01:00, 2023-05-19T05:00:00+01:00
0.00E+00, 2023-05-19T05:00:00+01:00, 2023-05-19T05:30:00+01:00
0.00E+00, 2023-05-19T05:30:00+01:00, 2023-05-19T06:00:00+01:00
0.00E+00, 2023-05-19T06:00:00+01:00, 2023-05-19T06:30:00+01:00
0.004, 2023-05-19T06:30:00+01:00, 2023-05-19T07:00:00+01:00
0.022, 2023-05-19T07:00:00+01:00, 2023-05-19T07:30:00+01:00
0.003, 2023-05-19T07:30:00+01:00, 2023-05-19T08:00:00+01:00
0.033, 2023-05-19T08:00:00+01:00, 2023-05-19T08:30:00+01:00
0.281, 2023-05-19T08:30:00+01:00, 2023-05-19T09:00:00+01:00
0.533, 2023-05-19T09:00:00+01:00, 2023-05-19T09:30:00+01:00
0.869, 2023-05-19T09:30:00+01:00, 2023-05-19T10:00:00+01:00
1.024, 2023-05-19T10:00:00+01:00, 2023-05-19T10:30:00+01:00
1.073, 2023-05-19T10:30:00+01:00, 2023-05-19T11:00:00+01:00
1.185, 2023-05-19T11:00:00+01:00, 2023-05-19T11:30:00+01:00
1.264, 2023-05-19T11:30:00+01:00, 2023-05-19T12:00:00+01:00
1.262, 2023-05-19T12:00:00+01:00, 2023-05-19T12:30:00+01:00
1.199, 2023-05-19T12:30:00+01:00, 2023-05-19T13:00:00+01:00
1.161, 2023-05-19T13:00:00+01:00, 2023-05-19T13:30:00+01:00
1.117, 2023-05-19T13:30:00+01:00, 2023-05-19T14:00:00+01:00
1.017, 2023-05-19T14:00:00+01:00, 2023-05-19T14:30:00+01:00
0.953, 2023-05-19T14:30:00+01:00, 2023-05-19T15:00:00+01:00
0.708, 2023-05-19T15:00:00+01:00, 2023-05-19T15:30:00+01:00
0.66, 2023-05-19T15:30:00+01:00, 2023-05-19T16:00:00+01:00
0.481, 2023-05-19T16:00:00+01:00, 2023-05-19T16:30:00+01:00
0.397, 2023-05-19T16:30:00+01:00, 2023-05-19T17:00:00+01:00
0.285, 2023-05-19T17:00:00+01:00, 2023-05-19T17:30:00+01:00
0.12, 2023-05-19T17:30:00+01:00, 2023-05-19T18:00:00+01:00
0.01, 2023-05-19T18:00:00+01:00, 2023-05-19T18:30:00+01:00
0.013, 2023-05-19T18:30:00+01:00, 2023-05-19T19:00:00+01:00
0.00E+00, 2023-05-19T19:00:00+01:00, 2023-05-19T19:30:00+01:00
0.00E+00, 2023-05-19T19:30:00+01:00, 2023-05-19T20:00:00+01:00
0.00E+00, 2023-05-19T20:00:00+01:00, 2023-05-19T20:30:00+01:00
0.00E+00, 2023-05-19T20:30:00+01:00, 2023-05-19T21:00:00+01:00
0.00E+00, 2023-05-19T21:00:00+01:00, 2023-05-19T21:30:00+01:00
0.00E+00, 2023-05-19T21:30:00+01:00, 2023-05-19T22:00:00+01:00
0.00E+00, 2023-05-19T22:00:00+01:00, 2023-05-19T22:30:00+01:00
0.00E+00, 2023-05-19T22:30:00+01:00, 2023-05-19T23:00:00+01:00
0.00E+00, 2023-05-19T23:00:00+01:00, 2023-05-19T23:30:00+01:00
0.00E+00, 2023-05-19T23:30:00+01:00, 2023-05-20T00:00:00+01:00
0.00E+00, 2023-05-20T00:00:00+01:00, 2023-05-20T00:30:00+01:00
0.00E+00, 2023-05-20T00:30:00+01:00, 2023-05-20T01:00:00+01:00
0.00E+00, 2023-05-20T01:00:00+01:00, 2023-05-20T01:30:00+01:00
0.00E+00, 2023-05-20T01:30:00+01:00, 2023-05-20T02:00:00+01:00
0.00E+00, 2023-05-20T02:00:00+01:00, 2023-05-20T02:30:00+01:00
0.00E+00, 2023-05-20T02:30:00+01:00, 2023-05-20T03:00:00+01:00
0.00E+00, 2023-05-20T03:00:00+01:00, 2023-05-20T03:30:00+01:00
0.00E+00, 2023-05-20T03:30:00+01:00, 2023-05-20T04:00:00+01:00
0.00E+00, 2023-05-20T04:00:00+01:00, 2023-05-20T04:30:00+01:00
0.00E+00, 2023-05-20T04:30:00+01:00, 2023-05-20T05:00:00+01:00
0.00E+00, 2023-05-20T05:00:00+01:00, 2023-05-20T05:30:00+01:00
0.01, 2023-05-20T05:30:00+01:00, 2023-05-20T06:00:00+01:00
0.053, 2023-05-20T06:00:00+01:00, 2023-05-20T06:30:00+01:00
0.164, 2023-05-20T06:30:00+01:00, 2023-05-20T07:00:00+01:00
0.295, 2023-05-20T07:00:00+01:00, 2023-05-20T07:30:00+01:00
0.453, 2023-05-20T07:30:00+01:00, 2023-05-20T08:00:00+01:00
0.567, 2023-05-20T08:00:00+01:00, 2023-05-20T08:30:00+01:00
0.453, 2023-05-20T08:30:00+01:00, 2023-05-20T09:00:00+01:00
0.543, 2023-05-20T09:00:00+01:00, 2023-05-20T09:30:00+01:00
0.978, 2023-05-20T09:30:00+01:00, 2023-05-20T10:00:00+01:00
1.076, 2023-05-20T10:00:00+01:00, 2023-05-20T10:30:00+01:00
1.129, 2023-05-20T10:30:00+01:00, 2023-05-20T11:00:00+01:00
1.224, 2023-05-20T11:00:00+01:00, 2023-05-20T11:30:00+01:00
1.204, 2023-05-20T11:30:00+01:00, 2023-05-20T12:00:00+01:00
1.214, 2023-05-20T12:00:00+01:00, 2023-05-20T12:30:00+01:00
1.177, 2023-05-20T12:30:00+01:00, 2023-05-20T13:00:00+01:00
1.021, 2023-05-20T13:00:00+01:00, 2023-05-20T13:30:00+01:00
0.007, 2023-05-20T13:30:00+01:00, 2023-05-20T14:00:00+01:00
0.032, 2023-05-20T14:00:00+01:00, 2023-05-20T14:30:00+01:00
0.462, 2023-05-20T14:30:00+01:00, 2023-05-20T15:00:00+01:00
0.775, 2023-05-20T15:00:00+01:00, 2023-05-20T15:30:00+01:00
0.704, 2023-05-20T15:30:00+01:00, 2023-05-20T16:00:00+01:00
0.537, 2023-05-20T16:00:00+01:00, 2023-05-20T16:30:00+01:00
0.42, 2023-05-20T16:30:00+01:00, 2023-05-20T17:00:00+01:00
0.262, 2023-05-20T17:00:00+01:00, 2023-05-20T17:30:00+01:00
0.012, 2023-05-20T17:30:00+01:00, 2023-05-20T18:00:00+01:00
0.001, 2023-05-20T18:00:00+01:00, 2023-05-20T18:30:00+01:00
0.00E+00, 2023-05-20T18:30:00+01:00, 2023-05-20T19:00:00+01:00
0.00E+00, 2023-05-20T19:00:00+01:00, 2023-05-20T19:30:00+01:00
0.00E+00, 2023-05-20T19:30:00+01:00, 2023-05-20T20:00:00+01:00
0.00E+00, 2023-05-20T20:00:00+01:00, 2023-05-20T20:30:00+01:00
0.00E+00, 2023-05-20T20:30:00+01:00, 2023-05-20T21:00:00+01:00
0.00E+00, 2023-05-20T21:00:00+01:00, 2023-05-20T21:30:00+01:00
0.00E+00, 2023-05-20T21:30:00+01:00, 2023-05-20T22:00:00+01:00
0.00E+00, 2023-05-20T22:00:00+01:00, 2023-05-20T22:30:00+01:00
0.00E+00, 2023-05-20T22:30:00+01:00, 2023-05-20T23:00:00+01:00
0.00E+00, 2023-05-20T23:00:00+01:00, 2023-05-20T23:30:00+01:00
0.00E+00, 2023-05-20T23:30:00+01:00, 2023-05-21T00:00:00+01:00
0.00E+00, 2023-05-21T00:00:00+01:00, 2023-05-21T00:30:00+01:00
0.00E+00, 2023-05-21T00:30:00+01:00, 2023-05-21T01:00:00+01:00
0.00E+00, 2023-05-21T01:00:00+01:00, 2023-05-21T01:30:00+01:00
0.00E+00, 2023-05-21T01:30:00+01:00, 2023-05-21T02:00:00+01:00
0.00E+00, 2023-05-21T02:00:00+01:00, 2023-05-21T02:30:00+01:00
0.00E+00, 2023-05-21T02:30:00+01:00, 2023-05-21T03:00:00+01:00
0.00E+00, 2023-05-21T03:00:00+01:00, 2023-05-21T03:30:00+01:00
0.00E+00, 2023-05-21T03:30:00+01:00, 2023-05-21T04:00:00+01:00
0.00E+00, 2023-05-21T04:00:00+01:00, 2023-05-21T04:30:00+01:00
0.00E+00, 2023-05-21T04:30:00+01:00, 2023-05-21T05:00:00+01:00
0.00E+00, 2023-05-21T05:00:00+01:00, 2023-05-21T05:30:00+01:00
0.012, 2023-05-21T05:30:00+01:00, 2023-05-21T06:00:00+01:00
0.017, 2023-05-21T06:00:00+01:00, 2023-05-21T06:30:00+01:00
0.07, 2023-05-21T06:30:00+01:00, 2023-05-21T07:00:00+01:00
0.16, 2023-05-21T07:00:00+01:00, 2023-05-21T07:30:00+01:00
0.099, 2023-05-21T07:30:00+01:00, 2023-05-21T08:00:00+01:00
0.025, 2023-05-21T08:00:00+01:00, 2023-05-21T08:30:00+01:00
0.077, 2023-05-21T08:30:00+01:00, 2023-05-21T09:00:00+01:00
0.132, 2023-05-21T09:00:00+01:00, 2023-05-21T09:30:00+01:00
0.246, 2023-05-21T09:30:00+01:00, 2023-05-21T10:00:00+01:00
0.397, 2023-05-21T10:00:00+01:00, 2023-05-21T10:30:00+01:00
0.414, 2023-05-21T10:30:00+01:00, 2023-05-21T11:00:00+01:00
0.522, 2023-05-21T11:00:00+01:00, 2023-05-21T11:30:00+01:00
0.643, 2023-05-21T11:30:00+01:00, 2023-05-21T12:00:00+01:00
0.397, 2023-05-21T12:00:00+01:00, 2023-05-21T12:30:00+01:00
0.935, 2023-05-21T12:30:00+01:00, 2023-05-21T13:00:00+01:00
0.882, 2023-05-21T13:00:00+01:00, 2023-05-21T13:30:00+01:00
0.83, 2023-05-21T13:30:00+01:00, 2023-05-21T14:00:00+01:00
0.754, 2023-05-21T14:00:00+01:00, 2023-05-21T14:30:00+01:00
0.652, 2023-05-21T14:30:00+01:00, 2023-05-21T15:00:00+01:00
0.616, 2023-05-21T15:00:00+01:00, 2023-05-21T15:30:00+01:00
0.455, 2023-05-21T15:30:00+01:00, 2023-05-21T16:00:00+01:00
0.36, 2023-05-21T16:00:00+01:00, 2023-05-21T16:30:00+01:00
0.191, 2023-05-21T16:30:00+01:00, 2023-05-21T17:00:00+01:00
0.074, 2023-05-21T17:00:00+01:00, 2023-05-21T17:30:00+01:00
0.033, 2023-05-21T17:30:00+01:00, 2023-05-21T18:00:00+01:00
0.00E+00, 2023-05-21T18:00:00+01:00, 2023-05-21T18:30:00+01:00
0.00E+00, 2023-05-21T18:30:00+01:00, 2023-05-21T19:00:00+01:00
0.00E+00, 2023-05-21T19:00:00+01:00, 2023-05-21T19:30:00+01:00
0.00E+00, 2023-05-21T19:30:00+01:00, 2023-05-21T20:00:00+01:00
0.00E+00, 2023-05-21T20:00:00+01:00, 2023-05-21T20:30:00+01:00
0.00E+00, 2023-05-21T20:30:00+01:00, 2023-05-21T21:00:00+01:00
0.00E+00, 2023-05-21T21:00:00+01:00, 2023-05-21T21:30:00+01:00
0.00E+00, 2023-05-21T21:30:00+01:00, 2023-05-21T22:00:00+01:00
0.00E+00, 2023-05-21T22:00:00+01:00, 2023-05-21T22:30:00+01:00
0.00E+00, 2023-05-21T22:30:00+01:00, 2023-05-21T23:00:00+01:00
0.00E+00, 2023-05-21T23:00:00+01:00, 2023-05-21T23:30:00+01:00
0.00E+00, 2023-05-21T23:30:00+01:00, 2023-05-22T00:00:00+01:00
0.00E+00, 2023-05-22T00:00:00+01:00, 2023-05-22T00:30:00+01:00
0.00E+00, 2023-05-22T00:30:00+01:00, 2023-05-22T01:00:00+01:00
0.00E+00, 2023-05-22T01:00:00+01:00, 2023-05-22T01:30:00+01:00
0.00E+00, 2023-05-22T01:30:00+01:00, 2023-05-22T02:00:00+01:00
0.00E+00, 2023-05-22T02:00:00+01:00, 2023-05-22T02:30:00+01:00
0.00E+00, 2023-05-22T02:30:00+01:00, 2023-05-22T03:00:00+01:00
0.00E+00, 2023-05-22T03:00:00+01:00, 2023-05-22T03:30:00+01:00
0.00E+00, 2023-05-22T03:30:00+01:00, 2023-05-22T04:00:00+01:00
0.00E+00, 2023-05-22T04:00:00+01:00, 2023-05-22T04:30:00+01:00
0.00E+00, 2023-05-22T04:30:00+01:00, 2023-05-22T05:00:00+01:00
0.00E+00, 2023-05-22T05:00:00+01:00, 2023-05-22T05:30:00+01:00
0.004, 2023-05-22T05:30:00+01:00, 2023-05-22T06:00:00+01:00
0.108, 2023-05-22T06:00:00+01:00, 2023-05-22T06:30:00+01:00
0.159, 2023-05-22T06:30:00+01:00, 2023-05-22T07:00:00+01:00
0.259, 2023-05-22T07:00:00+01:00, 2023-05-22T07:30:00+01:00
0.28, 2023-05-22T07:30:00+01:00, 2023-05-22T08:00:00+01:00
0.59, 2023-05-22T08:00:00+01:00, 2023-05-22T08:30:00+01:00
0.621, 2023-05-22T08:30:00+01:00, 2023-05-22T09:00:00+01:00
0.338, 2023-05-22T09:00:00+01:00, 2023-05-22T09:30:00+01:00
0.676, 2023-05-22T09:30:00+01:00, 2023-05-22T10:00:00+01:00
1.016, 2023-05-22T10:00:00+01:00, 2023-05-22T10:30:00+01:00
0.945, 2023-05-22T10:30:00+01:00, 2023-05-22T11:00:00+01:00
0.94, 2023-05-22T11:00:00+01:00, 2023-05-22T11:30:00+01:00
0.732, 2023-05-22T11:30:00+01:00, 2023-05-22T12:00:00+01:00
0.751, 2023-05-22T12:00:00+01:00, 2023-05-22T12:30:00+01:00
1.005, 2023-05-22T12:30:00+01:00, 2023-05-22T13:00:00+01:00
1.032, 2023-05-22T13:00:00+01:00, 2023-05-22T13:30:00+01:00
1.027, 2023-05-22T13:30:00+01:00, 2023-05-22T14:00:00+01:00
0.944, 2023-05-22T14:00:00+01:00, 2023-05-22T14:30:00+01:00
0.893, 2023-05-22T14:30:00+01:00, 2023-05-22T15:00:00+01:00
0.835, 2023-05-22T15:00:00+01:00, 2023-05-22T15:30:00+01:00
0.689, 2023-05-22T15:30:00+01:00, 2023-05-22T16:00:00+01:00
0.579, 2023-05-22T16:00:00+01:00, 2023-05-22T16:30:00+01:00
0.394, 2023-05-22T16:30:00+01:00, 2023-05-22T17:00:00+01:00
0.305, 2023-05-22T17:00:00+01:00, 2023-05-22T17:30:00+01:00
0.012, 2023-05-22T17:30:00+01:00, 2023-05-22T18:00:00+01:00
0.08, 2023-05-22T18:00:00+01:00, 2023-05-22T18:30:00+01:00
0.006, 2023-05-22T18:30:00+01:00, 2023-05-22T19:00:00+01:00
0.012, 2023-05-22T19:00:00+01:00, 2023-05-22T19:30:00+01:00
0.00E+00, 2023-05-22T19:30:00+01:00, 2023-05-22T20:00:00+01:00
0.00E+00, 2023-05-22T20:00:00+01:00, 2023-05-22T20:30:00+01:00
0.00E+00, 2023-05-22T20:30:00+01:00, 2023-05-22T21:00:00+01:00
0.00E+00, 2023-05-22T21:00:00+01:00, 2023-05-22T21:30:00+01:00
0.00E+00, 2023-05-22T21:30:00+01:00, 2023-05-22T22:00:00+01:00
0.00E+00, 2023-05-22T22:00:00+01:00, 2023-05-22T22:30:00+01:00
0.00E+00, 2023-05-22T22:30:00+01:00, 2023-05-22T23:00:00+01:00
0.00E+00, 2023-05-22T23:00:00+01:00, 2023-05-22T23:30:00+01:00
0.00E+00, 2023-05-22T23:30:00+01:00, 2023-05-23T00:00:00+01:00
0.00E+00, 2023-05-23T00:00:00+01:00, 2023-05-23T00:30:00+01:00
0.00E+00, 2023-05-23T00:30:00+01:00, 2023-05-23T01:00:00+01:00
0.00E+00, 2023-05-23T01:00:00+01:00, 2023-05-23T01:30:00+01:00
0.00E+00, 2023-05-23T01:30:00+01:00, 2023-05-23T02:00:00+01:00
0.00E+00, 2023-05-23T02:00:00+01:00, 2023-05-23T02:30:00+01:00
0.00E+00, 2023-05-23T02:30:00+01:00, 2023-05-23T03:00:00+01:00
0.00E+00, 2023-05-23T03:00:00+01:00, 2023-05-23T03:30:00+01:00
0.00E+00, 2023-05-23T03:30:00+01:00, 2023-05-23T04:00:00+01:00
0.00E+00, 2023-05-23T04:00:00+01:00, 2023-05-23T04:30:00+01:00
0.00E+00, 2023-05-23T04:30:00+01:00, 2023-05-23T05:00:00+01:00
0.00E+00, 2023-05-23T05:00:00+01:00, 2023-05-23T05:30:00+01:00
0.00E+00, 2023-05-23T05:30:00+01:00, 2023-05-23T06:00:00+01:00
0.02, 2023-05-23T06:00:00+01:00, 2023-05-23T06:30:00+01:00
0.087, 2023-05-23T06:30:00+01:00, 2023-05-23T07:00:00+01:00
0.06, 2023-05-23T07:00:00+01:00, 2023-05-23T07:30:00+01:00
0.041, 2023-05-23T07:30:00+01:00, 2023-05-23T08:00:00+01:00
0.141, 2023-05-23T08:00:00+01:00, 2023-05-23T08:30:00+01:00
0.178, 2023-05-23T08:30:00+01:00, 2023-05-23T09:00:00+01:00
0.349, 2023-05-23T09:00:00+01:00, 2023-05-23T09:30:00+01:00
0.826, 2023-05-23T09:30:00+01:00, 2023-05-23T10:00:00+01:00
0.773, 2023-05-23T10:00:00+01:00, 2023-05-23T10:30:00+01:00
0.661, 2023-05-23T10:30:00+01:00, 2023-05-23T11:00:00+01:00
0.887, 2023-05-23T11:00:00+01:00, 2023-05-23T11:30:00+01:00
1.138, 2023-05-23T11:30:00+01:00, 2023-05-23T12:00:00+01:00
1.139, 2023-05-23T12:00:00+01:00, 2023-05-23T12:30:00+01:00
1.155, 2023-05-23T12:30:00+01:00, 2023-05-23T13:00:00+01:00
0.928, 2023-05-23T13:00:00+01:00, 2023-05-23T13:30:00+01:00
0.953, 2023-05-23T13:30:00+01:00, 2023-05-23T14:00:00+01:00
0.875, 2023-05-23T14:00:00+01:00, 2023-05-23T14:30:00+01:00
0.541, 2023-05-23T14:30:00+01:00, 2023-05-23T15:00:00+01:00
0.66, 2023-05-23T15:00:00+01:00, 2023-05-23T15:30:00+01:00
0.68, 2023-05-23T15:30:00+01:00, 2023-05-23T16:00:00+01:00
0.536, 2023-05-23T16:00:00+01:00, 2023-05-23T16:30:00+01:00
0.201, 2023-05-23T16:30:00+01:00, 2023-05-23T17:00:00+01:00
0.187, 2023-05-23T17:00:00+01:00, 2023-05-23T17:30:00+01:00
0.004, 2023-05-23T17:30:00+01:00, 2023-05-23T18:00:00+01:00
0.067, 2023-05-23T18:00:00+01:00, 2023-05-23T18:30:00+01:00
0.042, 2023-05-23T18:30:00+01:00, 2023-05-23T19:00:00+01:00
0.046, 2023-05-23T19:00:00+01:00, 2023-05-23T19:30:00+01:00
0.00E+00, 2023-05-23T19:30:00+01:00, 2023-05-23T20:00:00+01:00
0.001, 2023-05-23T20:00:00+01:00, 2023-05-23T20:30:00+01:00
0.00E+00, 2023-05-23T20:30:00+01:00, 2023-05-23T21:00:00+01:00
0.00E+00, 2023-05-23T21:00:00+01:00, 2023-05-23T21:30:00+01:00
0.00E+00, 2023-05-23T21:30:00+01:00, 2023-05-23T22:00:00+01:00
0.00E+00, 2023-05-23T22:00:00+01:00, 2023-05-23T22:30:00+01:00
0.00E+00, 2023-05-23T22:30:00+01:00, 2023-05-23T23:00:00+01:00
0.00E+00, 2023-05-23T23:00:00+01:00, 2023-05-23T23:30:00+01:00
0.00E+00, 2023-05-23T23:30:00+01:00, 2023-05-24T00:00:00+01:00
0.00E+00, 2023-05-24T00:00:00+01:00, 2023-05-24T00:30:00+01:00
0.00E+00, 2023-05-24T00:30:00+01:00, 2023-05-24T01:00:00+01:00
0.00E+00, 2023-05-24T01:00:00+01:00, 2023-05-24T01:30:00+01:00
0.00E+00, 2023-05-24T01:30:00+01:00, 2023-05-24T02:00:00+01:00
0.00E+00, 2023-05-24T02:00:00+01:00, 2023-05-24T02:30:00+01:00
0.00E+00, 2023-05-24T02:30:00+01:00, 2023-05-24T03:00:00+01:00
0.00E+00, 2023-05-24T03:00:00+01:00, 2023-05-24T03:30:00+01:00
0.00E+00, 2023-05-24T03:30:00+01:00, 2023-05-24T04:00:00+01:00
0.00E+00, 2023-05-24T04:00:00+01:00, 2023-05-24T04:30:00+01:00
0.00E+00, 2023-05-24T04:30:00+01:00, 2023-05-24T05:00:00+01:00
0.00E+00, 2023-05-24T05:00:00+01:00, 2023-05-24T05:30:00+01:00
0.004, 2023-05-24T05:30:00+01:00, 2023-05-24T06:00:00+01:00
0.012, 2023-05-24T06:00:00+01:00, 2023-05-24T06:30:00+01:00
0.069, 2023-05-24T06:30:00+01:00, 2023-05-24T07:00:00+01:00
0.07, 2023-05-24T07:00:00+01:00, 2023-05-24T07:30:00+01:00
0.341, 2023-05-24T07:30:00+01:00, 2023-05-24T08:00:00+01:00
0.369, 2023-05-24T08:00:00+01:00, 2023-05-24T08:30:00+01:00
0.283, 2023-05-24T08:30:00+01:00, 2023-05-24T09:00:00+01:00
0.482, 2023-05-24T09:00:00+01:00, 2023-05-24T09:30:00+01:00
0.617, 2023-05-24T09:30:00+01:00, 2023-05-24T10:00:00+01:00
0.762, 2023-05-24T10:00:00+01:00, 2023-05-24T10:30:00+01:00
0.635, 2023-05-24T10:30:00+01:00, 2023-05-24T11:00:00+01:00
0.775, 2023-05-24T11:00:00+01:00, 2023-05-24T11:30:00+01:00
0.746, 2023-05-24T11:30:00+01:00, 2023-05-24T12:00:00+01:00
0.982, 2023-05-24T12:00:00+01:00, 2023-05-24T12:30:00+01:00
1.052, 2023-05-24T12:30:00+01:00, 2023-05-24T13:00:00+01:00
0.987, 2023-05-24T13:00:00+01:00, 2023-05-24T13:30:00+01:00
0.944, 2023-05-24T13:30:00+01:00, 2023-05-24T14:00:00+01:00
0.992, 2023-05-24T14:00:00+01:00, 2023-05-24T14:30:00+01:00
0.772, 2023-05-24T14:30:00+01:00, 2023-05-24T15:00:00+01:00
0.688, 2023-05-24T15:00:00+01:00, 2023-05-24T15:30:00+01:00
0.673, 2023-05-24T15:30:00+01:00, 2023-05-24T16:00:00+01:00
0.572, 2023-05-24T16:00:00+01:00, 2023-05-24T16:30:00+01:00
0.429, 2023-05-24T16:30:00+01:00, 2023-05-24T17:00:00+01:00
0.281, 2023-05-24T17:00:00+01:00, 2023-05-24T17:30:00+01:00
0.151, 2023-05-24T17:30:00+01:00, 2023-05-24T18:00:00+01:00
0.038, 2023-05-24T18:00:00+01:00, 2023-05-24T18:30:00+01:00
0.041, 2023-05-24T18:30:00+01:00, 2023-05-24T19:00:00+01:00
0.006, 2023-05-24T19:00:00+01:00, 2023-05-24T19:30:00+01:00
0.003, 2023-05-24T19:30:00+01:00, 2023-05-24T20:00:00+01:00
0.00E+00, 2023-05-24T20:00:00+01:00, 2023-05-24T20:30:00+01:00
0.00E+00, 2023-05-24T20:30:00+01:00, 2023-05-24T21:00:00+01:00
0.00E+00, 2023-05-24T21:00:00+01:00, 2023-05-24T21:30:00+01:00
0.00E+00, 2023-05-24T21:30:00+01:00, 2023-05-24T22:00:00+01:00
0.00E+00, 2023-05-24T22:00:00+01:00, 2023-05-24T22:30:00+01:00
0.00E+00, 2023-05-24T22:30:00+01:00, 2023-05-24T23:00:00+01:00
0.00E+00, 2023-05-24T23:00:00+01:00, 2023-05-24T23:30:00+01:00
0.00E+00, 2023-05-24T23:30:00+01:00, 2023-05-25T00:00:00+01:00
0.00E+00, 2023-05-25T00:00:00+01:00, 2023-05-25T00:30:00+01:00
0.00E+00, 2023-05-25T00:30:00+01:00, 2023-05-25T01:00:00+01:00
0.00E+00, 2023-05-25T01:00:00+01:00, 2023-05-25T01:30:00+01:00
0.00E+00, 2023-05-25T01:30:00+01:00, 2023-05-25T02:00:00+01:00
0.00E+00, 2023-05-25T02:00:00+01:00, 2023-05-25T02:30:00+01:00
0.00E+00, 2023-05-25T02:30:00+01:00, 2023-05-25T03:00:00+01:00
0.00E+00, 2023-05-25T03:00:00+01:00, 2023-05-25T03:30:00+01:00
0.00E+00, 2023-05-25T03:30:00+01:00, 2023-05-25T04:00:00+01:00
0.00E+00, 2023-05-25T04:00:00+01:00, 2023-05-25T04:30:00+01:00
0.00E+00, 2023-05-25T04:30:00+01:00, 2023-05-25T05:00:00+01:00
0.00E+00, 2023-05-25T05:00:00+01:00, 2023-05-25T05:30:00+01:00
0.001, 2023-05-25T05:30:00+01:00, 2023-05-25T06:00:00+01:00
0.031, 2023-05-25T06:00:00+01:00, 2023-05-25T06:30:00+01:00
0.099, 2023-05-25T06:30:00+01:00, 2023-05-25T07:00:00+01:00
0.231, 2023-05-25T07:00:00+01:00, 2023-05-25T07:30:00+01:00
0.211, 2023-05-25T07:30:00+01:00, 2023-05-25T08:00:00+01:00
0.597, 2023-05-25T08:00:00+01:00, 2023-05-25T08:30:00+01:00
0.613, 2023-05-25T08:30:00+01:00, 2023-05-25T09:00:00+01:00
0.723, 2023-05-25T09:00:00+01:00, 2023-05-25T09:30:00+01:00
0.93, 2023-05-25T09:30:00+01:00, 2023-05-25T10:00:00+01:00
1.091, 2023-05-25T10:00:00+01:00, 2023-05-25T10:30:00+01:00
1.174, 2023-05-25T10:30:00+01:00, 2023-05-25T11:00:00+01:00
1.187, 2023-05-25T11:00:00+01:00, 2023-05-25T11:30:00+01:00
1.234, 2023-05-25T11:30:00+01:00, 2023-05-25T12:00:00+01:00
1.191, 2023-05-25T12:00:00+01:00, 2023-05-25T12:30:00+01:00
1.204, 2023-05-25T12:30:00+01:00, 2023-05-25T13:00:00+01:00
1.14, 2023-05-25T13:00:00+01:00, 2023-05-25T13:30:00+01:00
1.099, 2023-05-25T13:30:00+01:00, 2023-05-25T14:00:00+01:00
1.035, 2023-05-25T14:00:00+01:00, 2023-05-25T14:30:00+01:00
0.932, 2023-05-25T14:30:00+01:00, 2023-05-25T15:00:00+01:00
0.85, 2023-05-25T15:00:00+01:00, 2023-05-25T15:30:00+01:00
0.699, 2023-05-25T15:30:00+01:00, 2023-05-25T16:00:00+01:00
0.59, 2023-05-25T16:00:00+01:00, 2023-05-25T16:30:00+01:00
0.28, 2023-05-25T16:30:00+01:00, 2023-05-25T17:00:00+01:00
0.112, 2023-05-25T17:00:00+01:00, 2023-05-25T17:30:00+01:00
0.001, 2023-05-25T17:30:00+01:00, 2023-05-25T18:00:00+01:00
0.00E+00, 2023-05-25T18:00:00+01:00, 2023-05-25T18:30:00+01:00
0.00E+00, 2023-05-25T18:30:00+01:00, 2023-05-25T19:00:00+01:00
0.00E+00, 2023-05-25T19:00:00+01:00, 2023-05-25T19:30:00+01:00
0.00E+00, 2023-05-25T19:30:00+01:00, 2023-05-25T20:00:00+01:00
0.00E+00, 2023-05-25T20:00:00+01:00, 2023-05-25T20:30:00+01:00
0.00E+00, 2023-05-25T20:30:00+01:00, 2023-05-25T21:00:00+01:00
0.00E+00, 2023-05-25T21:00:00+01:00, 2023-05-25T21:30:00+01:00
0.00E+00, 2023-05-25T21:30:00+01:00, 2023-05-25T22:00:00+01:00
0.00E+00, 2023-05-25T22:00:00+01:00, 2023-05-25T22:30:00+01:00
0.00E+00, 2023-05-25T22:30:00+01:00, 2023-05-25T23:00:00+01:00
0.00E+00, 2023-05-25T23:00:00+01:00, 2023-05-25T23:30:00+01:00
0.00E+00, 2023-05-25T23:30:00+01:00, 2023-05-26T00:00:00+01:00
0.00E+00, 2023-05-26T00:00:00+01:00, 2023-05-26T00:30:00+01:00
0.00E+00, 2023-05-26T00:30:00+01:00, 2023-05-26T01:00:00+01:00
0.00E+00, 2023-05-26T01:00:00+01:00, 2023-05-26T01:30:00+01:00
0.00E+00, 2023-05-26T01:30:00+01:00, 2023-05-26T02:00:00+01:00
0.00E+00, 2023-05-26T02:00:00+01:00, 2023-05-26T02:30:00+01:00
0.00E+00, 2023-05-26T02:30:00+01:00, 2023-05-26T03:00:00+01:00
0.00E+00, 2023-05-26T03:00:00+01:00, 2023-05-26T03:30:00+01:00
0.00E+00, 2023-05-26T03:30:00+01:00, 2023-05-26T04:00:00+01:00
0.00E+00, 2023-05-26T04:00:00+01:00, 2023-05-26T04:30:00+01:00
0.00E+00, 2023-05-26T04:30:00+01:00, 2023-05-26T05:00:00+01:00
0.00E+00, 2023-05-26T05:00:00+01:00, 2023-05-26T05:30:00+01:00
0.008, 2023-05-26T05:30:00+01:00, 2023-05-26T06:00:00+01:00
0.041, 2023-05-26T06:00:00+01:00, 2023-05-26T06:30:00+01:00
0.139, 2023-05-26T06:30:00+01:00, 2023-05-26T07:00:00+01:00
0.057, 2023-05-26T07:00:00+01:00, 2023-05-26T07:30:00+01:00
0.092, 2023-05-26T07:30:00+01:00, 2023-05-26T08:00:00+01:00
0.066, 2023-05-26T08:00:00+01:00, 2023-05-26T08:30:00+01:00
0.207, 2023-05-26T08:30:00+01:00, 2023-05-26T09:00:00+01:00
0.224, 2023-05-26T09:00:00+01:00, 2023-05-26T09:30:00+01:00
0.403, 2023-05-26T09:30:00+01:00, 2023-05-26T10:00:00+01:00
0.266, 2023-05-26T10:00:00+01:00, 2023-05-26T10:30:00+01:00
0.423, 2023-05-26T10:30:00+01:00, 2023-05-26T11:00:00+01:00
0.797, 2023-05-26T11:00:00+01:00, 2023-05-26T11:30:00+01:00
1.207, 2023-05-26T11:30:00+01:00, 2023-05-26T12:00:00+01:00
1.224, 2023-05-26T12:00:00+01:00, 2023-05-26T12:30:00+01:00
1.154, 2023-05-26T12:30:00+01:00, 2023-05-26T13:00:00+01:00
1.134, 2023-05-26T13:00:00+01:00, 2023-05-26T13:30:00+01:00
1.076, 2023-05-26T13:30:00+01:00, 2023-05-26T14:00:00+01:00
0.998, 2023-05-26T14:00:00+01:00, 2023-05-26T14:30:00+01:00
0.93, 2023-05-26T14:30:00+01:00, 2023-05-26T15:00:00+01:00
0.799, 2023-05-26T15:00:00+01:00, 2023-05-26T15:30:00+01:00
0.713, 2023-05-26T15:30:00+01:00, 2023-05-26T16:00:00+01:00
0.539, 2023-05-26T16:00:00+01:00, 2023-05-26T16:30:00+01:00
0.286, 2023-05-26T16:30:00+01:00, 2023-05-26T17:00:00+01:00
0.17, 2023-05-26T17:00:00+01:00, 2023-05-26T17:30:00+01:00
0.068, 2023-05-26T17:30:00+01:00, 2023-05-26T18:00:00+01:00
0.00E+00, 2023-05-26T18:00:00+01:00, 2023-05-26T18:30:00+01:00
0.00E+00, 2023-05-26T18:30:00+01:00, 2023-05-26T19:00:00+01:00
0.00E+00, 2023-05-26T19:00:00+01:00, 2023-05-26T19:30:00+01:00
0.00E+00, 2023-05-26T19:30:00+01:00, 2023-05-26T20:00:00+01:00
0.00E+00, 2023-05-26T20:00:00+01:00, 2023-05-26T20:30:00+01:00
0.00E+00, 2023-05-26T20:30:00+01:00, 2023-05-26T21:00:00+01:00
0.00E+00, 2023-05-26T21:00:00+01:00, 2023-05-26T21:30:00+01:00
0.00E+00, 2023-05-26T21:30:00+01:00, 2023-05-26T22:00:00+01:00
0.00E+00, 2023-05-26T22:00:00+01:00, 2023-05-26T22:30:00+01:00
0.00E+00, 2023-05-26T22:30:00+01:00, 2023-05-26T23:00:00+01:00
0.00E+00, 2023-05-26T23:00:00+01:00, 2023-05-26T23:30:00+01:00
0.00E+00, 2023-05-26T23:30:00+01:00, 2023-05-27T00:00:00+01:00
0.00E+00, 2023-05-27T00:00:00+01:00, 2023-05-27T00:30:00+01:00
0.00E+00, 2023-05-27T00:30:00+01:00, 2023-05-27T01:00:00+01:00
0.00E+00, 2023-05-27T01:00:00+01:00, 2023-05-27T01:30:00+01:00
0.00E+00, 2023-05-27T01:30:00+01:00, 2023-05-27T02:00:00+01:00
0.00E+00, 2023-05-27T02:00:00+01:00, 2023-05-27T02:30:00+01:00
0.00E+00, 2023-05-27T02:30:00+01:00, 2023-05-27T03:00:00+01:00
0.00E+00, 2023-05-27T03:00:00+01:00, 2023-05-27T03:30:00+01:00
0.00E+00, 2023-05-27T03:30:00+01:00, 2023-05-27T04:00:00+01:00
0.00E+00, 2023-05-27T04:00:00+01:00, 2023-05-27T04:30:00+01:00
0.00E+00, 2023-05-27T04:30:00+01:00, 2023-05-27T05:00:00+01:00
0.00E+00, 2023-05-27T05:00:00+01:00, 2023-05-27T05:30:00+01:00
0.008, 2023-05-27T05:30:00+01:00, 2023-05-27T06:00:00+01:00
0.07, 2023-05-27T06:00:00+01:00, 2023-05-27T06:30:00+01:00
0.147, 2023-05-27T06:30:00+01:00, 2023-05-27T07:00:00+01:00
0.278, 2023-05-27T07:00:00+01:00, 2023-05-27T07:30:00+01:00
0.509, 2023-05-27T07:30:00+01:00, 2023-05-27T08:00:00+01:00
0.654, 2023-05-27T08:00:00+01:00, 2023-05-27T08:30:00+01:00
0.808, 2023-05-27T08:30:00+01:00, 2023-05-27T09:00:00+01:00
0.911, 2023-05-27T09:00:00+01:00, 2023-05-27T09:30:00+01:00
0.34, 2023-05-27T09:30:00+01:00, 2023-05-27T10:00:00+01:00
0.977, 2023-05-27T10:00:00+01:00, 2023-05-27T10:30:00+01:00
1.056, 2023-05-27T10:30:00+01:00, 2023-05-27T11:00:00+01:00
0.00E+00, 2023-05-27T11:00:00+01:00, 2023-05-27T11:30:00+01:00
0.298, 2023-05-27T11:30:00+01:00, 2023-05-27T12:00:00+01:00
0.961, 2023-05-27T12:00:00+01:00, 2023-05-27T12:30:00+01:00
0.605, 2023-05-27T12:30:00+01:00, 2023-05-27T13:00:00+01:00
0.96, 2023-05-27T13:00:00+01:00, 2023-05-27T13:30:00+01:00
0.975, 2023-05-27T13:30:00+01:00, 2023-05-27T14:00:00+01:00
0.907, 2023-05-27T14:00:00+01:00, 2023-05-27T14:30:00+01:00
0.872, 2023-05-27T14:30:00+01:00, 2023-05-27T15:00:00+01:00
0.808, 2023-05-27T15:00:00+01:00, 2023-05-27T15:30:00+01:00
0.676, 2023-05-27T15:30:00+01:00, 2023-05-27T16:00:00+01:00
0.422, 2023-05-27T16:00:00+01:00, 2023-05-27T16:30:00+01:00
0.373, 2023-05-27T16:30:00+01:00, 2023-05-27T17:00:00+01:00
0.202, 2023-05-27T17:00:00+01:00, 2023-05-27T17:30:00+01:00
0.049, 2023-05-27T17:30:00+01:00, 2023-05-27T18:00:00+01:00
0.007, 2023-05-27T18:00:00+01:00, 2023-05-27T18:30:00+01:00
0.008, 2023-05-27T18:30:00+01:00, 2023-05-27T19:00:00+01:00
0.002, 2023-05-27T19:00:00+01:00, 2023-05-27T19:30:00+01:00
0.005, 2023-05-27T19:30:00+01:00, 2023-05-27T20:00:00+01:00
0.00E+00, 2023-05-27T20:00:00+01:00, 2023-05-27T20:30:00+01:00
0.00E+00, 2023-05-27T20:30:00+01:00, 2023-05-27T21:00:00+01:00
0.00E+00, 2023-05-27T21:00:00+01:00, 2023-05-27T21:30:00+01:00
0.00E+00, 2023-05-27T21:30:00+01:00, 2023-05-27T22:00:00+01:00
0.00E+00, 2023-05-27T22:00:00+01:00, 2023-05-27T22:30:00+01:00
0.00E+00, 2023-05-27T22:30:00+01:00, 2023-05-27T23:00:00+01:00
0.00E+00, 2023-05-27T23:00:00+01:00, 2023-05-27T23:30:00+01:00
0.00E+00, 2023-05-27T23:30:00+01:00, 2023-05-28T00:00:00+01:00
0.00E+00, 2023-05-28T00:00:00+01:00, 2023-05-28T00:30:00+01:00
0.00E+00, 2023-05-28T00:30:00+01:00, 2023-05-28T01:00:00+01:00
0.00E+00, 2023-05-28T01:00:00+01:00, 2023-05-28T01:30:00+01:00
0.00E+00, 2023-05-28T01:30:00+01:00, 2023-05-28T02:00:00+01:00
0.00E+00, 2023-05-28T02:00:00+01:00, 2023-05-28T02:30:00+01:00
0.00E+00, 2023-05-28T02:30:00+01:00, 2023-05-28T03:00:00+01:00
0.00E+00, 2023-05-28T03:00:00+01:00, 2023-05-28T03:30:00+01:00
0.00E+00, 2023-05-28T03:30:00+01:00, 2023-05-28T04:00:00+01:00
0.00E+00, 2023-05-28T04:00:00+01:00, 2023-05-28T04:30:00+01:00
0.00E+00, 2023-05-28T04:30:00+01:00, 2023-05-28T05:00:00+01:00
0.00E+00, 2023-05-28T05:00:00+01:00, 2023-05-28T05:30:00+01:00
0.00E+00, 2023-05-28T05:30:00+01:00, 2023-05-28T06:00:00+01:00
0.00E+00, 2023-05-28T06:00:00+01:00, 2023-05-28T06:30:00+01:00
0.066, 2023-05-28T06:30:00+01:00, 2023-05-28T07:00:00+01:00
0.128, 2023-05-28T07:00:00+01:00, 2023-05-28T07:30:00+01:00
0.304, 2023-05-28T07:30:00+01:00, 2023-05-28T08:00:00+01:00
0.444, 2023-05-28T08:00:00+01:00, 2023-05-28T08:30:00+01:00
0.652, 2023-05-28T08:30:00+01:00, 2023-05-28T09:00:00+01:00
0.574, 2023-05-28T09:00:00+01:00, 2023-05-28T09:30:00+01:00
0.957, 2023-05-28T09:30:00+01:00, 2023-05-28T10:00:00+01:00
0.456, 2023-05-28T10:00:00+01:00, 2023-05-28T10:30:00+01:00
0.706, 2023-05-28T10:30:00+01:00, 2023-05-28T11:00:00+01:00
0.979, 2023-05-28T11:00:00+01:00, 2023-05-28T11:30:00+01:00
1.153, 2023-05-28T11:30:00+01:00, 2023-05-28T12:00:00+01:00
0.984, 2023-05-28T12:00:00+01:00, 2023-05-28T12:30:00+01:00
0.848, 2023-05-28T12:30:00+01:00, 2023-05-28T13:00:00+01:00
0.724, 2023-05-28T13:00:00+01:00, 2023-05-28T13:30:00+01:00
0.537, 2023-05-28T13:30:00+01:00, 2023-05-28T14:00:00+01:00
0.742, 2023-05-28T14:00:00+01:00, 2023-05-28T14:30:00+01:00
0.782, 2023-05-28T14:30:00+01:00, 2023-05-28T15:00:00+01:00
0.681, 2023-05-28T15:00:00+01:00, 2023-05-28T15:30:00+01:00
0.591, 2023-05-28T15:30:00+01:00, 2023-05-28T16:00:00+01:00
0.452, 2023-05-28T16:00:00+01:00, 2023-05-28T16:30:00+01:00
0.165, 2023-05-28T16:30:00+01:00, 2023-05-28T17:00:00+01:00
0.088, 2023-05-28T17:00:00+01:00, 2023-05-28T17:30:00+01:00
0.072, 2023-05-28T17:30:00+01:00, 2023-05-28T18:00:00+01:00
0.027, 2023-05-28T18:00:00+01:00, 2023-05-28T18:30:00+01:00
0.00E+00, 2023-05-28T18:30:00+01:00, 2023-05-28T19:00:00+01:00
0.00E+00, 2023-05-28T19:00:00+01:00, 2023-05-28T19:30:00+01:00
0.00E+00, 2023-05-28T19:30:00+01:00, 2023-05-28T20:00:00+01:00
0.00E+00, 2023-05-28T20:00:00+01:00, 2023-05-28T20:30:00+01:00
0.00E+00, 2023-05-28T20:30:00+01:00, 2023-05-28T21:00:00+01:00
0.00E+00, 2023-05-28T21:00:00+01:00, 2023-05-28T21:30:00+01:00
0.00E+00, 2023-05-28T21:30:00+01:00, 2023-05-28T22:00:00+01:00
0.00E+00, 2023-05-28T22:00:00+01:00, 2023-05-28T22:30:00+01:00
0.00E+00, 2023-05-28T22:30:00+01:00, 2023-05-28T23:00:00+01:00
0.00E+00, 2023-05-28T23:00:00+01:00, 2023-05-28T23:30:00+01:00
0.00E+00, 2023-05-28T23:30:00+01:00, 2023-05-29T00:00:00+01:00
0.00E+00, 2023-05-29T00:00:00+01:00, 2023-05-29T00:30:00+01:00
0.00E+00, 2023-05-29T00:30:00+01:00, 2023-05-29T01:00:00+01:00
0.00E+00, 2023-05-29T01:00:00+01:00, 2023-05-29T01:30:00+01:00
0.00E+00, 2023-05-29T01:30:00+01:00, 2023-05-29T02:00:00+01:00
0.00E+00, 2023-05-29T02:00:00+01:00, 2023-05-29T02:30:00+01:00
0.00E+00, 2023-05-29T02:30:00+01:00, 2023-05-29T03:00:00+01:00
0.00E+00, 2023-05-29T03:00:00+01:00, 2023-05-29T03:30:00+01:00
0.00E+00, 2023-05-29T03:30:00+01:00, 2023-05-29T04:00:00+01:00
0.00E+00, 2023-05-29T04:00:00+01:00, 2023-05-29T04:30:00+01:00
0.00E+00, 2023-05-29T04:30:00+01:00, 2023-05-29T05:00:00+01:00
0.00E+00, 2023-05-29T05:00:00+01:00, 2023-05-29T05:30:00+01:00
0.006, 2023-05-29T05:30:00+01:00, 2023-05-29T06:00:00+01:00
0.041, 2023-05-29T06:00:00+01:00, 2023-05-29T06:30:00+01:00
0.171, 2023-05-29T06:30:00+01:00, 2023-05-29T07:00:00+01:00
0.279, 2023-05-29T07:00:00+01:00, 2023-05-29T07:30:00+01:00
0.521, 2023-05-29T07:30:00+01:00, 2023-05-29T08:00:00+01:00
0.569, 2023-05-29T08:00:00+01:00, 2023-05-29T08:30:00+01:00
0.784, 2023-05-29T08:30:00+01:00, 2023-05-29T09:00:00+01:00
0.867, 2023-05-29T09:00:00+01:00, 2023-05-29T09:30:00+01:00
0.903, 2023-05-29T09:30:00+01:00, 2023-05-29T10:00:00+01:00
0.991, 2023-05-29T10:00:00+01:00, 2023-05-29T10:30:00+01:00
1.08, 2023-05-29T10:30:00+01:00, 2023-05-29T11:00:00+01:00
1.2, 2023-05-29T11:00:00+01:00, 2023-05-29T11:30:00+01:00
1.201, 2023-05-29T11:30:00+01:00, 2023-05-29T12:00:00+01:00
1.185, 2023-05-29T12:00:00+01:00, 2023-05-29T12:30:00+01:00
1.183, 2023-05-29T12:30:00+01:00, 2023-05-29T13:00:00+01:00
1.166, 2023-05-29T13:00:00+01:00, 2023-05-29T13:30:00+01:00
1.055, 2023-05-29T13:30:00+01:00, 2023-05-29T14:00:00+01:00
0.96, 2023-05-29T14:00:00+01:00, 2023-05-29T14:30:00+01:00
0.664, 2023-05-29T14:30:00+01:00, 2023-05-29T15:00:00+01:00
0.751, 2023-05-29T15:00:00+01:00, 2023-05-29T15:30:00+01:00
0.604, 2023-05-29T15:30:00+01:00, 2023-05-29T16:00:00+01:00
0.522, 2023-05-29T16:00:00+01:00, 2023-05-29T16:30:00+01:00
0.43, 2023-05-29T16:30:00+01:00, 2023-05-29T17:00:00+01:00
0.254, 2023-05-29T17:00:00+01:00, 2023-05-29T17:30:00+01:00
0.082, 2023-05-29T17:30:00+01:00, 2023-05-29T18:00:00+01:00
0.04, 2023-05-29T18:00:00+01:00, 2023-05-29T18:30:00+01:00
0.026, 2023-05-29T18:30:00+01:00, 2023-05-29T19:00:00+01:00
0.01, 2023-05-29T19:00:00+01:00, 2023-05-29T19:30:00+01:00
0.014, 2023-05-29T19:30:00+01:00, 2023-05-29T20:00:00+01:00
0.00E+00, 2023-05-29T20:00:00+01:00, 2023-05-29T20:30:00+01:00
0.00E+00, 2023-05-29T20:30:00+01:00, 2023-05-29T21:00:00+01:00
0.00E+00, 2023-05-29T21:00:00+01:00, 2023-05-29T21:30:00+01:00
0.00E+00, 2023-05-29T21:30:00+01:00, 2023-05-29T22:00:00+01:00
0.00E+00, 2023-05-29T22:00:00+01:00, 2023-05-29T22:30:00+01:00
0.00E+00, 2023-05-29T22:30:00+01:00, 2023-05-29T23:00:00+01:00
0.00E+00, 2023-05-29T23:00:00+01:00, 2023-05-29T23:30:00+01:00
0.00E+00, 2023-05-29T23:30:00+01:00, 2023-05-30T00:00:00+01:00
0.00E+00, 2023-05-30T00:00:00+01:00, 2023-05-30T00:30:00+01:00
0.00E+00, 2023-05-30T00:30:00+01:00, 2023-05-30T01:00:00+01:00
0.00E+00, 2023-05-30T01:00:00+01:00, 2023-05-30T01:30:00+01:00
0.00E+00, 2023-05-30T01:30:00+01:00, 2023-05-30T02:00:00+01:00
0.00E+00, 2023-05-30T02:00:00+01:00, 2023-05-30T02:30:00+01:00
0.00E+00, 2023-05-30T02:30:00+01:00, 2023-05-30T03:00:00+01:00
0.00E+00, 2023-05-30T03:00:00+01:00, 2023-05-30T03:30:00+01:00
0.00E+00, 2023-05-30T03:30:00+01:00, 2023-05-30T04:00:00+01:00
0.00E+00, 2023-05-30T04:00:00+01:00, 2023-05-30T04:30:00+01:00
0.00E+00, 2023-05-30T04:30:00+01:00, 2023-05-30T05:00:00+01:00
0.00E+00, 2023-05-30T05:00:00+01:00, 2023-05-30T05:30:00+01:00
0.009, 2023-05-30T05:30:00+01:00, 2023-05-30T06:00:00+01:00
0.071, 2023-05-30T06:00:00+01:00, 2023-05-30T06:30:00+01:00
0.127, 2023-05-30T06:30:00+01:00, 2023-05-30T07:00:00+01:00
0.268, 2023-05-30T07:00:00+01:00, 2023-05-30T07:30:00+01:00
0.499, 2023-05-30T07:30:00+01:00, 2023-05-30T08:00:00+01:00
0.723, 2023-05-30T08:00:00+01:00, 2023-05-30T08:30:00+01:00
0.839, 2023-05-30T08:30:00+01:00, 2023-05-30T09:00:00+01:00
0.947, 2023-05-30T09:00:00+01:00, 2023-05-30T09:30:00+01:00
1.061, 2023-05-30T09:30:00+01:00, 2023-05-30T10:00:00+01:00
1.116, 2023-05-30T10:00:00+01:00, 2023-05-30T10:30:00+01:00
1.226, 2023-05-30T10:30:00+01:00, 2023-05-30T11:00:00+01:00
1.233, 2023-05-30T11:00:00+01:00, 2023-05-30T11:30:00+01:00
1.246, 2023-05-30T11:30:00+01:00, 2023-05-30T12:00:00+01:00
1.14, 2023-05-30T12:00:00+01:00, 2023-05-30T12:30:00+01:00
1.175, 2023-05-30T12:30:00+01:00, 2023-05-30T13:00:00+01:00
1.16, 2023-05-30T13:00:00+01:00, 2023-05-30T13:30:00+01:00
1.078, 2023-05-30T13:30:00+01:00, 2023-05-30T14:00:00+01:00
1.046, 2023-05-30T14:00:00+01:00, 2023-05-30T14:30:00+01:00
0.92, 2023-05-30T14:30:00+01:00, 2023-05-30T15:00:00+01:00
0.695, 2023-05-30T15:00:00+01:00, 2023-05-30T15:30:00+01:00
0.662, 2023-05-30T15:30:00+01:00, 2023-05-30T16:00:00+01:00
0.502, 2023-05-30T16:00:00+01:00, 2023-05-30T16:30:00+01:00
0.398, 2023-05-30T16:30:00+01:00, 2023-05-30T17:00:00+01:00
0.259, 2023-05-30T17:00:00+01:00, 2023-05-30T17:30:00+01:00
0.151, 2023-05-30T17:30:00+01:00, 2023-05-30T18:00:00+01:00
0.011, 2023-05-30T18:00:00+01:00, 2023-05-30T18:30:00+01:00
0.003, 2023-05-30T18:30:00+01:00, 2023-05-30T19:00:00+01:00
0.00E+00, 2023-05-30T19:00:00+01:00, 2023-05-30T19:30:00+01:00
0.00E+00, 2023-05-30T19:30:00+01:00, 2023-05-30T20:00:00+01:00
0.00E+00, 2023-05-30T20:00:00+01:00, 2023-05-30T20:30:00+01:00
0.00E+00, 2023-05-30T20:30:00+01:00, 2023-05-30T21:00:00+01:00
0.00E+00, 2023-05-30T21:00:00+01:00, 2023-05-30T21:30:00+01:00
0.00E+00, 2023-05-30T21:30:00+01:00, 2023-05-30T22:00:00+01:00
0.00E+00, 2023-05-30T22:00:00+01:00, 2023-05-30T22:30:00+01:00
0.00E+00, 2023-05-30T22:30:00+01:00, 2023-05-30T23:00:00+01:00
0.00E+00, 2023-05-30T23:00:00+01:00, 2023-05-30T23:30:00+01:00
0.00E+00, 2023-05-30T23:30:00+01:00, 2023-05-31T00:00:00+01:00
0.00E+00, 2023-05-31T00:00:00+01:00, 2023-05-31T00:30:00+01:00
0.00E+00, 2023-05-31T00:30:00+01:00, 2023-05-31T01:00:00+01:00
0.00E+00, 2023-05-31T01:00:00+01:00, 2023-05-31T01:30:00+01:00
0.00E+00, 2023-05-31T01:30:00+01:00, 2023-05-31T02:00:00+01:00
0.00E+00, 2023-05-31T02:00:00+01:00, 2023-05-31T02:30:00+01:00
0.00E+00, 2023-05-31T02:30:00+01:00, 2023-05-31T03:00:00+01:00
0.00E+00, 2023-05-31T03:00:00+01:00, 2023-05-31T03:30:00+01:00
0.00E+00, 2023-05-31T03:30:00+01:00, 2023-05-31T04:00:00+01:00
0.00E+00, 2023-05-31T04:00:00+01:00, 2023-05-31T04:30:00+01:00
0.00E+00, 2023-05-31T04:30:00+01:00, 2023-05-31T05:00:00+01:00
0.00E+00, 2023-05-31T05:00:00+01:00, 2023-05-31T05:30:00+01:00
0.00E+00, 2023-05-31T05:30:00+01:00, 2023-05-31T06:00:00+01:00
0.001, 2023-05-31T06:00:00+01:00, 2023-05-31T06:30:00+01:00
0.001, 2023-05-31T06:30:00+01:00, 2023-05-31T07:00:00+01:00
0.073, 2023-05-31T07:00:00+01:00, 2023-05-31T07:30:00+01:00
0.041, 2023-05-31T07:30:00+01:00, 2023-05-31T08:00:00+01:00
0.073, 2023-05-31T08:00:00+01:00, 2023-05-31T08:30:00+01:00
0.079, 2023-05-31T08:30:00+01:00, 2023-05-31T09:00:00+01:00
0.13, 2023-05-31T09:00:00+01:00, 2023-05-31T09:30:00+01:00
0.124, 2023-05-31T09:30:00+01:00, 2023-05-31T10:00:00+01:00
0.251, 2023-05-31T10:00:00+01:00, 2023-05-31T10:30:00+01:00
0.365, 2023-05-31T10:30:00+01:00, 2023-05-31T11:00:00+01:00
0.389, 2023-05-31T11:00:00+01:00, 2023-05-31T11:30:00+01:00
0.459, 2023-05-31T11:30:00+01:00, 2023-05-31T12:00:00+01:00
0.541, 2023-05-31T12:00:00+01:00, 2023-05-31T12:30:00+01:00
1.336, 2023-05-31T12:30:00+01:00, 2023-05-31T13:00:00+01:00
1.208, 2023-05-31T13:00:00+01:00, 2023-05-31T13:30:00+01:00
1.17, 2023-05-31T13:30:00+01:00, 2023-05-31T14:00:00+01:00
1.045, 2023-05-31T14:00:00+01:00, 2023-05-31T14:30:00+01:00
0.958, 2023-05-31T14:30:00+01:00, 2023-05-31T15:00:00+01:00
0.842, 2023-05-31T15:00:00+01:00, 2023-05-31T15:30:00+01:00
0.713, 2023-05-31T15:30:00+01:00, 2023-05-31T16:00:00+01:00
0.588, 2023-05-31T16:00:00+01:00, 2023-05-31T16:30:00+01:00
0.423, 2023-05-31T16:30:00+01:00, 2023-05-31T17:00:00+01:00
0.308, 2023-05-31T17:00:00+01:00, 2023-05-31T17:30:00+01:00
0.131, 2023-05-31T17:30:00+01:00, 2023-05-31T18:00:00+01:00
0.045, 2023-05-31T18:00:00+01:00, 2023-05-31T18:30:00+01:00
0.001, 2023-05-31T18:30:00+01:00, 2023-05-31T19:00:00+01:00
0.00E+00, 2023-05-31T19:00:00+01:00, 2023-05-31T19:30:00+01:00
0.00E+00, 2023-05-31T19:30:00+01:00, 2023-05-31T20:00:00+01:00
0.00E+00, 2023-05-31T20:00:00+01:00, 2023-05-31T20:30:00+01:00
0.00E+00, 2023-05-31T20:30:00+01:00, 2023-05-31T21:00:00+01:00
0.00E+00, 2023-05-31T21:00:00+01:00, 2023-05-31T21:30:00+01:00
0.00E+00, 2023-05-31T21:30:00+01:00, 2023-05-31T22:00:00+01:00
0.00E+00, 2023-05-31T22:00:00+01:00, 2023-05-31T22:30:00+01:00
0.00E+00, 2023-05-31T22:30:00+01:00, 2023-05-31T23:00:00+01:00
0.00E+00, 2023-05-31T23:00:00+01:00, 2023-05-31T23:30:00+01:00
0.00E+00, 2023-05-31T23:30:00+01:00, 2023-06-01T00:00:00+01:00
,,
,,
,,
,,
,,
,,
,,
,,
,,
,,
,,
,,
,,
,,
,,
,,
,,
,,
,,
,,
,,
,,
,,
,,
,,
,,
,,
,,
,,
,,
,,
,,
,,
,,
,,
,,
,,
,,
,,
,,
,,
,,
,,
,,
,,
,,
,,
,,
,,
,,
,,
,,
,,
,,
,,
,,
,,
,,
,,
,,
,,
,,
,,
,,
,,
,,
,,
,,
,,
,,
,,
,,
,,
,,
,,
,,
,,
,,
,,
,,
,,
,,
,,
,,
,,
,,
,,
,,
,,
,,
,,
,,
,,
,,
,,
,,
,,
,,
,,
,,
,,
,,
,,
,,
,,
,,
,,
,,
,,
,,
,,
,,
,,
,,
,,
,,
,,
,,
,,
,,
,,
,,
,,
,,
,,
,,
,,
,,
,,
,,
,,
,,
,,
,,
,,
,,
,,
,,
,,
,,
,,
,,
,,
,,
,,
,,
,,
,,
,,
,,
,,
,,
,,
,,
,,
,,
,,
,,
,,
,,
,,
,,
,,
,,
,,
,,
,,
,,
,,
,,
,,
,,
,,
,,
,,
,,
,,
,,
,,
,,
,,
,,
,,
,,
,,
,,
,,
,,
,,
,,
,,
,,
,,
,,
,,
,,
,,
,,
,,
,,
,,
,,
,,
,,
,,
,,
,,
,,
,,
,,
,,
,,
,,
,,
,,
,,
,,
,,
,,
,,
,,
,,
,,
,,
,,
,,
,,
,,
,,
,,
,,
,,
,,
,,
,,
,,
,,
,,
,,
,,
,,
,,
